TICKER,date,PRC
CLDR,2020-11-02,9.8100
CLDR,2020-11-03,10.0700
CLDR,2020-11-04,10.2200
CLDR,2020-11-05,10.4800
CLDR,2020-11-06,10.4100
CLDR,2020-11-09,10.0900
CLDR,2020-11-10,10.0500
CLDR,2020-11-11,10.3400
CLDR,2020-11-12,10.5000
CLDR,2020-11-13,10.6700
CLDR,2020-11-16,10.9400
CLDR,2020-11-17,11.1200
CLDR,2020-11-18,10.7200
CLDR,2020-11-19,11.1800
CLDR,2020-11-20,11.3000
CLDR,2020-11-23,11.2600
CLDR,2020-11-24,11.4600
CLDR,2020-11-25,11.5700
CLDR,2020-11-27,11.7500
CLDR,2020-11-30,11.6800
CLDR,2020-12-01,11.3300
CLDR,2020-12-02,11.2000
CLDR,2020-12-03,11.5800
CLDR,2020-12-04,12.4100
CLDR,2020-12-07,11.7900
CLDR,2020-12-08,12.3100
CLDR,2020-12-09,12.2100
CLDR,2020-12-10,12.3200
CLDR,2020-12-11,12.2300
CLDR,2020-12-14,12.5400
CLDR,2020-12-15,12.5000
CLDR,2020-12-16,12.7000
CLDR,2020-12-17,12.9200
CLDR,2020-12-18,12.6800
CLDR,2020-12-21,12.9200
CLDR,2020-12-22,14.6400
CLDR,2020-12-23,15.0000
CLDR,2020-12-24,14.8800
CLDR,2020-12-28,14.3900
CLDR,2020-12-29,14.0100
CLDR,2020-12-30,14.0700
CLDR,2020-12-31,13.9100
CLDR,2021-01-04,13.8400
CLDR,2021-01-05,13.8200
CLDR,2021-01-06,13.7700
CLDR,2021-01-07,14.2800
CLDR,2021-01-08,14.4800
CLDR,2021-01-11,14.2500
CLDR,2021-01-12,14.1900
CLDR,2021-01-13,14.0000
CLDR,2021-01-14,14.4500
CLDR,2021-01-15,14.2100
CLDR,2021-01-19,14.0200
CLDR,2021-01-20,14.4100
CLDR,2021-01-21,14.0900
CLDR,2021-01-22,14.0200
CLDR,2021-01-25,13.8800
CLDR,2021-01-26,14.4200
CLDR,2021-01-27,15.2900
CLDR,2021-01-28,15.6700
CLDR,2021-01-29,15.2700
CLDR,2021-02-01,16.1800
CLDR,2021-02-02,16.9000
CLDR,2021-02-03,16.8200
CLDR,2021-02-04,16.7500
CLDR,2021-02-05,17.1100
CLDR,2021-02-08,17.4400
CLDR,2021-02-09,18.3700
CLDR,2021-02-10,18.4400
CLDR,2021-02-11,18.6100
CLDR,2021-02-12,18.9900
CLDR,2021-02-16,18.5800
CLDR,2021-02-17,18.4900
CLDR,2021-02-18,18.3300
CLDR,2021-02-19,18.6900
CLDR,2021-02-22,17.4400
CLDR,2021-02-23,16.6200
CLDR,2021-02-24,16.6000
CLDR,2021-02-25,16.1000
CLDR,2021-02-26,16.1400
CLDR,2021-03-01,16.6300
CLDR,2021-03-02,16.2400
CLDR,2021-03-03,15.3200
CLDR,2021-03-04,14.9600
CLDR,2021-03-05,14.6600
CLDR,2021-03-08,13.9600
CLDR,2021-03-09,14.4900
CLDR,2021-03-10,14.7300
CLDR,2021-03-11,12.8800
CLDR,2021-03-12,12.7600
CLDR,2021-03-15,13.0500
CLDR,2021-03-16,12.7000
CLDR,2021-03-17,12.7900
CLDR,2021-03-18,12.1700
CLDR,2021-03-19,12.5700
CLDR,2021-03-22,12.5800
CLDR,2021-03-23,12.1800
CLDR,2021-03-24,11.5900
CLDR,2021-03-25,11.8700
CLDR,2021-03-26,12.1300
CLDR,2021-03-29,11.8600
CLDR,2021-03-30,12.0500
CLDR,2021-03-31,12.1700
CLDR,2021-04-01,12.5500
CLDR,2021-04-05,12.5400
CLDR,2021-04-06,12.6500
CLDR,2021-04-07,12.3400
CLDR,2021-04-08,12.6300
CLDR,2021-04-09,12.6500
CLDR,2021-04-12,12.5800
CLDR,2021-04-13,12.7800
CLDR,2021-04-14,12.7400
CLDR,2021-04-15,12.8600
CLDR,2021-04-16,12.4900
CLDR,2021-04-19,12.2200
CLDR,2021-04-20,12.1500
CLDR,2021-04-21,12.3100
CLDR,2021-04-22,12.5300
CLDR,2021-04-23,12.6400
CLDR,2021-04-26,13.0200
CLDR,2021-04-27,12.9500
CLDR,2021-04-28,13.1600
CLDR,2021-04-29,13.0100
CLDR,2021-04-30,12.6900
CLDR,2021-05-03,12.3700
CLDR,2021-05-04,12.0100
CLDR,2021-05-05,11.8600
CLDR,2021-05-06,12.0000
CLDR,2021-05-07,12.1800
CLDR,2021-05-10,11.7200
CLDR,2021-05-11,12.1000
CLDR,2021-05-12,11.4900
CLDR,2021-05-13,11.4300
CLDR,2021-05-14,11.9100
CLDR,2021-05-17,11.9300
CLDR,2021-05-18,12.1200
CLDR,2021-05-19,12.0700
CLDR,2021-05-20,12.3200
CLDR,2021-05-21,12.4300
CLDR,2021-05-24,12.6100
CLDR,2021-05-25,12.5600
CLDR,2021-05-26,12.8300
CLDR,2021-05-27,12.8600
CLDR,2021-05-28,12.8600
CLDR,2021-06-01,15.9300
CLDR,2021-06-02,15.8200
CLDR,2021-06-03,15.8800
CLDR,2021-06-04,15.8400
CLDR,2021-06-07,15.8700
CLDR,2021-06-08,15.8600
CLDR,2021-06-09,15.8400
CLDR,2021-06-10,15.8100
CLDR,2021-06-11,15.8000
CLDR,2021-06-14,15.7900
CLDR,2021-06-15,15.7700
CLDR,2021-06-16,15.7800
CLDR,2021-06-17,15.7700
CLDR,2021-06-18,15.7300
CLDR,2021-06-21,15.7500
CLDR,2021-06-22,15.7700
CLDR,2021-06-23,15.7700
CLDR,2021-06-24,15.7600
CLDR,2021-06-25,15.7700
CLDR,2021-06-28,15.7900
CLDR,2021-06-29,15.7900
CLDR,2021-06-30,15.8600
CLDR,2021-07-01,15.7800
CLDR,2021-07-02,15.8500
CLDR,2021-07-06,16.0000
CLDR,2021-07-07,15.7400
CLDR,2021-07-08,15.6900
CLDR,2021-07-09,15.6700
CLDR,2021-07-12,15.5800
CLDR,2021-07-13,15.5500
CLDR,2021-07-14,15.6700
CLDR,2021-07-15,15.7200
CLDR,2021-07-16,15.8000
CLDR,2021-07-19,15.7400
CLDR,2021-07-20,15.7500
CLDR,2021-07-21,15.8000
CLDR,2021-07-22,15.8100
CLDR,2021-07-23,15.8200
CLDR,2021-07-26,15.8600
CLDR,2021-07-27,15.8400
CLDR,2021-07-28,15.8500
CLDR,2021-07-29,15.8400
CLDR,2021-07-30,15.8700
CLDR,2021-08-02,15.8700
CLDR,2021-08-03,15.8600
CLDR,2021-08-04,15.8300
CLDR,2021-08-05,15.9000
CLDR,2021-08-06,15.8500
CLDR,2021-08-09,15.8800
CLDR,2021-08-10,15.8600
CLDR,2021-08-11,15.8800
CLDR,2021-08-12,15.8900
CLDR,2021-08-13,15.8900
CLDR,2021-08-16,15.8700
CLDR,2021-08-17,15.9200
CLDR,2021-08-18,15.9300
CLDR,2021-08-19,15.9400
CLDR,2021-08-20,15.9400
CLDR,2021-08-23,15.9400
CLDR,2021-08-24,15.9300
CLDR,2021-08-25,15.9300
CLDR,2021-08-26,15.9300
CLDR,2021-08-27,15.9500
CLDR,2021-08-30,15.9200
CLDR,2021-08-31,15.9300
CLDR,2021-09-01,15.9300
CLDR,2021-09-02,15.9300
CLDR,2021-09-03,15.9500
CLDR,2021-09-07,15.9500
CLDR,2021-09-08,15.9300
CLDR,2021-09-09,15.9300
CLDR,2021-09-10,15.9200
CLDR,2021-09-13,15.9400
CLDR,2021-09-14,15.9300
CLDR,2021-09-15,15.9300
CLDR,2021-09-16,15.9500
CLDR,2021-09-17,15.9400
CLDR,2021-09-20,15.9200
CLDR,2021-09-21,15.9100
CLDR,2021-09-22,15.9000
CLDR,2021-09-23,15.9100
CLDR,2021-09-24,15.9200
CLDR,2021-09-27,15.9000
CLDR,2021-09-28,15.9000
CLDR,2021-09-29,15.9800
CLDR,2021-09-30,15.9700
CLDR,2021-10-01,15.9900
CLDR,2021-10-04,15.9800
CLDR,2021-10-05,15.9900
CLDR,2021-10-06,15.9800
CLDR,2021-10-07,15.9900
HDP,2014-12-15,25.1400
HDP,2014-12-16,24.9700
HDP,2014-12-17,23.8600
HDP,2014-12-18,22.9600
HDP,2014-12-19,23.3400
HDP,2014-12-22,25.6500
HDP,2014-12-23,25.5000
HDP,2014-12-24,25.4700
HDP,2014-12-26,25.4400
HDP,2014-12-29,26.4900
HDP,2014-12-30,27.9200
HDP,2014-12-31,27.0000
HDP,2015-01-02,25.5000
HDP,2015-01-05,26.1400
HDP,2015-01-06,26.0600
HDP,2015-01-07,26.0800
HDP,2015-01-08,26.2000
HDP,2015-01-09,26.9700
HDP,2015-01-12,29.2000
HDP,2015-01-13,28.2900
HDP,2015-01-14,28.1700
HDP,2015-01-15,25.7300
HDP,2015-01-16,24.9800
HDP,2015-01-20,24.2800
HDP,2015-01-21,22.7000
HDP,2015-01-22,22.2100
HDP,2015-01-23,23.2200
HDP,2015-01-26,23.0200
HDP,2015-01-27,22.8500
HDP,2015-01-28,22.3600
HDP,2015-01-29,22.1300
HDP,2015-01-30,21.1900
HDP,2015-02-02,20.7200
HDP,2015-02-03,20.9600
HDP,2015-02-04,20.6400
HDP,2015-02-05,22.1200
HDP,2015-02-06,22.7700
HDP,2015-02-09,22.8700
HDP,2015-02-10,23.4800
HDP,2015-02-11,22.5400
HDP,2015-02-12,21.9800
HDP,2015-02-13,22.8100
HDP,2015-02-17,22.1900
HDP,2015-02-18,23.3600
HDP,2015-02-19,24.6300
HDP,2015-02-20,24.4700
HDP,2015-02-23,23.5300
HDP,2015-02-24,24.6100
HDP,2015-02-25,23.8600
HDP,2015-02-26,23.2300
HDP,2015-02-27,23.0300
HDP,2015-03-02,22.3600
HDP,2015-03-03,22.4500
HDP,2015-03-04,22.8000
HDP,2015-03-05,22.3500
HDP,2015-03-06,21.8100
HDP,2015-03-09,21.2100
HDP,2015-03-10,20.6000
HDP,2015-03-11,20.2300
HDP,2015-03-12,20.1200
HDP,2015-03-13,20.6700
HDP,2015-03-16,21.2600
HDP,2015-03-17,20.6300
HDP,2015-03-18,20.4500
HDP,2015-03-19,21.3000
HDP,2015-03-20,23.0900
HDP,2015-03-23,23.7300
HDP,2015-03-24,23.3800
HDP,2015-03-25,22.5300
HDP,2015-03-26,22.9500
HDP,2015-03-27,23.7500
HDP,2015-03-30,23.7900
HDP,2015-03-31,23.8400
HDP,2015-04-01,24.1200
HDP,2015-04-02,24.2400
HDP,2015-04-06,23.0500
HDP,2015-04-07,22.9300
HDP,2015-04-08,22.8700
HDP,2015-04-09,23.0200
HDP,2015-04-10,23.4100
HDP,2015-04-13,23.3500
HDP,2015-04-14,23.2000
HDP,2015-04-15,23.2800
HDP,2015-04-16,22.6200
HDP,2015-04-17,21.1000
HDP,2015-04-20,20.9800
HDP,2015-04-21,21.5100
HDP,2015-04-22,21.7200
HDP,2015-04-23,21.9700
HDP,2015-04-24,21.4800
HDP,2015-04-27,21.2200
HDP,2015-04-28,21.3000
HDP,2015-04-29,20.9900
HDP,2015-04-30,20.1700
HDP,2015-05-01,20.0100
HDP,2015-05-04,22.1800
HDP,2015-05-05,21.6000
HDP,2015-05-06,20.5900
HDP,2015-05-07,20.0200
HDP,2015-05-08,20.2500
HDP,2015-05-11,20.7600
HDP,2015-05-12,21.7900
HDP,2015-05-13,21.6300
HDP,2015-05-14,23.3900
HDP,2015-05-15,23.1200
HDP,2015-05-18,22.3300
HDP,2015-05-19,25.7300
HDP,2015-05-20,25.9000
HDP,2015-05-21,26.2200
HDP,2015-05-22,26.5200
HDP,2015-05-26,25.9200
HDP,2015-05-27,26.4200
HDP,2015-05-28,26.2600
HDP,2015-05-29,26.2700
HDP,2015-06-01,26.7000
HDP,2015-06-02,25.5400
HDP,2015-06-03,25.9100
HDP,2015-06-04,25.3700
HDP,2015-06-05,25.5600
HDP,2015-06-08,25.6400
HDP,2015-06-09,25.8500
HDP,2015-06-10,26.6300
HDP,2015-06-11,25.9300
HDP,2015-06-12,26.1100
HDP,2015-06-15,25.7800
HDP,2015-06-16,26.0300
HDP,2015-06-17,26.5400
HDP,2015-06-18,26.9700
HDP,2015-06-19,26.7400
HDP,2015-06-22,27.2600
HDP,2015-06-23,27.9800
HDP,2015-06-24,26.8900
HDP,2015-06-25,26.7200
HDP,2015-06-26,26.2000
HDP,2015-06-29,25.2600
HDP,2015-06-30,25.3200
HDP,2015-07-01,24.7800
HDP,2015-07-02,24.9500
HDP,2015-07-06,24.5500
HDP,2015-07-07,24.1600
HDP,2015-07-08,24.1600
HDP,2015-07-09,25.1800
HDP,2015-07-10,25.6400
HDP,2015-07-13,25.0100
HDP,2015-07-14,25.4900
HDP,2015-07-15,25.0500
HDP,2015-07-16,25.8300
HDP,2015-07-17,25.9800
HDP,2015-07-20,25.7100
HDP,2015-07-21,25.7200
HDP,2015-07-22,25.7500
HDP,2015-07-23,25.6800
HDP,2015-07-24,25.9400
HDP,2015-07-27,25.2800
HDP,2015-07-28,25.4600
HDP,2015-07-29,25.0800
HDP,2015-07-30,24.6600
HDP,2015-07-31,24.2600
HDP,2015-08-03,23.3300
HDP,2015-08-04,23.0200
HDP,2015-08-05,24.1500
HDP,2015-08-06,27.3100
HDP,2015-08-07,27.6500
HDP,2015-08-10,27.6700
HDP,2015-08-11,27.9700
HDP,2015-08-12,27.1400
HDP,2015-08-13,26.7000
HDP,2015-08-14,26.3900
HDP,2015-08-17,26.2900
HDP,2015-08-18,25.9900
HDP,2015-08-19,26.4100
HDP,2015-08-20,25.4900
HDP,2015-08-21,25.5000
HDP,2015-08-24,24.0500
HDP,2015-08-25,23.1800
HDP,2015-08-26,23.1400
HDP,2015-08-27,24.2700
HDP,2015-08-28,24.1800
HDP,2015-08-31,23.7600
HDP,2015-09-01,22.8000
HDP,2015-09-02,23.3400
HDP,2015-09-03,23.4700
HDP,2015-09-04,23.3100
HDP,2015-09-08,24.4000
HDP,2015-09-09,24.3600
HDP,2015-09-10,24.0700
HDP,2015-09-11,24.5200
HDP,2015-09-14,24.7900
HDP,2015-09-15,24.5800
HDP,2015-09-16,25.3500
HDP,2015-09-17,25.2300
HDP,2015-09-18,25.9100
HDP,2015-09-21,24.7300
HDP,2015-09-22,24.1300
HDP,2015-09-23,23.6900
HDP,2015-09-24,23.9100
HDP,2015-09-25,22.9900
HDP,2015-09-28,22.1700
HDP,2015-09-29,21.1100
HDP,2015-09-30,21.8900
HDP,2015-10-01,20.9400
HDP,2015-10-02,22.1300
HDP,2015-10-05,21.7700
HDP,2015-10-06,21.2400
HDP,2015-10-07,22.3000
HDP,2015-10-08,21.7200
HDP,2015-10-09,22.3700
HDP,2015-10-12,21.7000
HDP,2015-10-13,20.9300
HDP,2015-10-14,21.2700
HDP,2015-10-15,21.5400
HDP,2015-10-16,20.8000
HDP,2015-10-19,21.9500
HDP,2015-10-20,21.4900
HDP,2015-10-21,20.1500
HDP,2015-10-22,20.9000
HDP,2015-10-23,20.5300
HDP,2015-10-26,19.8100
HDP,2015-10-27,19.6500
HDP,2015-10-28,20.3100
HDP,2015-10-29,19.6800
HDP,2015-10-30,19.4600
HDP,2015-11-02,19.7700
HDP,2015-11-03,20.1800
HDP,2015-11-04,20.3600
HDP,2015-11-05,16.5500
HDP,2015-11-06,18.1500
HDP,2015-11-09,17.2100
HDP,2015-11-10,17.7000
HDP,2015-11-11,17.4900
HDP,2015-11-12,16.1200
HDP,2015-11-13,16.1500
HDP,2015-11-16,16.1800
HDP,2015-11-17,16.2000
HDP,2015-11-18,16.5800
HDP,2015-11-19,16.7400
HDP,2015-11-20,16.9300
HDP,2015-11-23,16.7400
HDP,2015-11-24,16.7400
HDP,2015-11-25,16.9100
HDP,2015-11-27,16.9100
HDP,2015-11-30,16.9900
HDP,2015-12-01,17.0400
HDP,2015-12-02,19.2400
HDP,2015-12-03,18.4900
HDP,2015-12-04,19.0700
HDP,2015-12-07,19.9000
HDP,2015-12-08,20.2000
HDP,2015-12-09,19.7400
HDP,2015-12-10,20.2300
HDP,2015-12-11,20.2100
HDP,2015-12-14,19.7700
HDP,2015-12-15,20.9700
HDP,2015-12-16,21.1500
HDP,2015-12-17,20.8700
HDP,2015-12-18,20.5000
HDP,2015-12-21,20.2900
HDP,2015-12-22,20.5000
HDP,2015-12-23,20.8000
HDP,2015-12-24,20.9600
HDP,2015-12-28,21.0000
HDP,2015-12-29,22.0800
HDP,2015-12-30,21.6300
HDP,2015-12-31,21.9000
HDP,2016-01-04,20.8600
HDP,2016-01-05,20.3000
HDP,2016-01-06,19.8600
HDP,2016-01-07,18.9400
HDP,2016-01-08,18.5700
HDP,2016-01-11,17.7300
HDP,2016-01-12,17.6800
HDP,2016-01-13,16.6100
HDP,2016-01-14,17.2100
HDP,2016-01-15,16.5700
HDP,2016-01-19,10.4400
HDP,2016-01-20,10.0200
HDP,2016-01-21,10.1900
HDP,2016-01-22,11.8900
HDP,2016-01-25,10.7700
HDP,2016-01-26,10.0600
HDP,2016-01-27,9.6200
HDP,2016-01-28,9.4300
HDP,2016-01-29,9.7000
HDP,2016-02-01,10.4000
HDP,2016-02-02,10.3800
HDP,2016-02-03,10.2700
HDP,2016-02-04,10.2200
HDP,2016-02-05,8.4800
HDP,2016-02-08,7.8000
HDP,2016-02-09,7.4400
HDP,2016-02-10,7.8300
HDP,2016-02-11,8.5700
HDP,2016-02-12,8.4300
HDP,2016-02-16,8.9900
HDP,2016-02-17,9.5100
HDP,2016-02-18,9.6600
HDP,2016-02-19,10.0200
HDP,2016-02-22,10.2400
HDP,2016-02-23,10.3100
HDP,2016-02-24,10.5300
HDP,2016-02-25,10.8600
HDP,2016-02-26,11.4600
HDP,2016-02-27,11.4900
HDP,2016-02-29,11.5500
HDP,2016-03-01,12.0000
HDP,2016-03-02,11.8200
HDP,2016-03-03,11.5600
HDP,2016-03-04,11.6900
HDP,2016-03-07,12.2300
HDP,2016-03-08,10.8000
HDP,2016-03-09,11.3000
HDP,2016-03-10,10.7600
HDP,2016-03-11,11.3600
HDP,2016-03-14,11.4800
HDP,2016-03-15,10.6000
HDP,2016-03-16,10.8600
HDP,2016-03-17,11.0200
HDP,2016-03-18,11.0100
HDP,2016-03-21,10.9500
HDP,2016-03-22,11.1700
HDP,2016-03-23,10.5100
HDP,2016-03-24,10.6300
HDP,2016-03-28,10.4300
HDP,2016-03-29,10.9200
HDP,2016-03-30,10.9700
HDP,2016-03-31,11.3000
HDP,2016-04-01,11.0000
HDP,2016-04-04,11.2400
HDP,2016-04-05,11.0800
HDP,2016-04-06,11.6000
HDP,2016-04-07,11.3500
HDP,2016-04-08,11.6400
HDP,2016-04-11,11.3700
HDP,2016-04-12,11.5700
HDP,2016-04-13,12.1100
HDP,2016-04-14,12.3100
HDP,2016-04-15,12.4000
HDP,2016-04-18,12.2900
HDP,2016-04-19,11.8200
HDP,2016-04-20,12.0600
HDP,2016-04-21,12.5400
HDP,2016-04-22,12.3400
HDP,2016-04-25,12.0700
HDP,2016-04-26,11.9200
HDP,2016-04-27,11.7600
HDP,2016-04-28,11.9300
HDP,2016-04-29,11.5700
HDP,2016-05-02,12.2600
HDP,2016-05-03,12.4300
HDP,2016-05-04,12.7600
HDP,2016-05-05,11.2800
HDP,2016-05-06,10.3100
HDP,2016-05-09,10.4000
HDP,2016-05-10,10.8600
HDP,2016-05-11,10.8100
HDP,2016-05-12,10.2600
HDP,2016-05-13,10.2100
HDP,2016-05-16,10.4900
HDP,2016-05-17,10.3200
HDP,2016-05-18,10.1900
HDP,2016-05-19,9.8900
HDP,2016-05-20,10.7100
HDP,2016-05-23,11.0500
HDP,2016-05-24,11.3400
HDP,2016-05-25,11.5400
HDP,2016-05-26,11.4400
HDP,2016-05-27,11.4900
HDP,2016-05-31,11.6800
HDP,2016-06-01,11.8200
HDP,2016-06-02,12.0800
HDP,2016-06-03,11.6200
HDP,2016-06-06,11.6200
HDP,2016-06-07,11.5600
HDP,2016-06-08,11.4900
HDP,2016-06-09,11.0100
HDP,2016-06-10,10.5000
HDP,2016-06-13,10.3800
HDP,2016-06-14,10.3300
HDP,2016-06-15,10.4800
HDP,2016-06-16,10.6100
HDP,2016-06-17,10.8200
HDP,2016-06-20,11.4400
HDP,2016-06-21,11.6400
HDP,2016-06-22,11.4200
HDP,2016-06-23,11.4500
HDP,2016-06-24,10.6100
HDP,2016-06-27,9.9000
HDP,2016-06-28,10.2400
HDP,2016-06-29,10.7000
HDP,2016-06-30,10.6900
HDP,2016-07-01,10.5900
HDP,2016-07-05,10.1400
HDP,2016-07-06,10.2000
HDP,2016-07-07,10.2800
HDP,2016-07-08,10.5700
HDP,2016-07-11,11.6400
HDP,2016-07-12,12.0400
HDP,2016-07-13,11.7900
HDP,2016-07-14,11.6000
HDP,2016-07-15,11.5700
HDP,2016-07-18,12.0000
HDP,2016-07-19,11.6900
HDP,2016-07-20,11.8700
HDP,2016-07-21,11.1400
HDP,2016-07-22,11.1900
HDP,2016-07-25,11.3300
HDP,2016-07-26,11.4000
HDP,2016-07-27,11.4000
HDP,2016-07-28,11.7100
HDP,2016-07-29,11.7100
HDP,2016-08-01,12.3900
HDP,2016-08-02,12.6000
HDP,2016-08-03,12.6900
HDP,2016-08-04,12.6300
HDP,2016-08-05,9.8400
HDP,2016-08-08,9.6900
HDP,2016-08-09,9.3100
HDP,2016-08-10,8.9700
HDP,2016-08-11,9.0100
HDP,2016-08-12,8.9300
HDP,2016-08-15,9.0800
HDP,2016-08-16,8.8800
HDP,2016-08-17,8.5700
HDP,2016-08-18,8.5600
HDP,2016-08-19,8.4800
HDP,2016-08-22,8.0800
HDP,2016-08-23,8.1200
HDP,2016-08-24,7.8900
HDP,2016-08-25,7.9200
HDP,2016-08-26,7.7600
HDP,2016-08-29,7.9200
HDP,2016-08-30,7.8800
HDP,2016-08-31,7.9700
HDP,2016-09-01,7.9900
HDP,2016-09-02,7.8700
HDP,2016-09-06,7.9300
HDP,2016-09-07,7.5900
HDP,2016-09-08,7.4100
HDP,2016-09-09,7.3800
HDP,2016-09-12,7.4700
HDP,2016-09-13,7.4100
HDP,2016-09-14,7.4100
HDP,2016-09-15,7.4600
HDP,2016-09-16,7.6700
HDP,2016-09-19,7.6900
HDP,2016-09-20,8.0400
HDP,2016-09-21,8.2700
HDP,2016-09-22,8.7800
HDP,2016-09-23,8.5800
HDP,2016-09-26,8.6200
HDP,2016-09-27,8.6800
HDP,2016-09-28,8.6700
HDP,2016-09-29,8.5400
HDP,2016-09-30,8.3500
HDP,2016-10-03,8.4300
HDP,2016-10-04,8.1600
HDP,2016-10-05,7.9700
HDP,2016-10-06,7.7900
HDP,2016-10-07,7.6300
HDP,2016-10-10,8.6500
HDP,2016-10-11,8.7000
HDP,2016-10-12,7.4600
HDP,2016-10-13,7.1700
HDP,2016-10-14,6.9200
HDP,2016-10-17,6.8000
HDP,2016-10-18,6.9000
HDP,2016-10-19,7.0500
HDP,2016-10-20,7.5300
HDP,2016-10-21,7.9000
HDP,2016-10-24,7.9800
HDP,2016-10-25,7.5000
HDP,2016-10-26,7.6100
HDP,2016-10-27,7.7600
HDP,2016-10-28,7.7300
HDP,2016-10-31,7.6400
HDP,2016-11-01,7.2300
HDP,2016-11-02,7.0800
HDP,2016-11-03,6.5700
HDP,2016-11-04,8.0200
HDP,2016-11-07,8.4000
HDP,2016-11-08,8.3500
HDP,2016-11-09,8.6200
HDP,2016-11-10,8.9400
HDP,2016-11-11,9.2000
HDP,2016-11-14,9.3500
HDP,2016-11-15,9.1200
HDP,2016-11-16,9.1900
HDP,2016-11-17,9.3500
HDP,2016-11-18,9.1900
HDP,2016-11-21,9.2200
HDP,2016-11-22,9.4500
HDP,2016-11-23,9.3500
HDP,2016-11-25,9.4600
HDP,2016-11-28,9.1800
HDP,2016-11-29,9.1600
HDP,2016-11-30,9.0900
HDP,2016-12-01,8.3800
HDP,2016-12-02,8.4400
HDP,2016-12-05,8.6400
HDP,2016-12-06,8.5100
HDP,2016-12-07,8.7200
HDP,2016-12-08,8.4700
HDP,2016-12-09,8.4700
HDP,2016-12-12,8.2800
HDP,2016-12-13,8.8800
HDP,2016-12-14,8.5900
HDP,2016-12-15,8.5400
HDP,2016-12-16,8.7600
HDP,2016-12-19,8.9500
HDP,2016-12-20,9.3200
HDP,2016-12-21,8.9400
HDP,2016-12-22,8.2000
HDP,2016-12-23,8.2900
HDP,2016-12-27,8.3600
HDP,2016-12-28,8.1800
HDP,2016-12-29,8.1500
HDP,2016-12-30,8.3100
HDP,2017-01-03,8.7100
HDP,2017-01-04,9.0700
HDP,2017-01-05,9.0300
HDP,2017-01-06,9.0000
HDP,2017-01-09,9.0600
HDP,2017-01-10,9.2000
HDP,2017-01-11,9.3900
HDP,2017-01-12,9.2000
HDP,2017-01-13,9.3100
HDP,2017-01-17,8.9800
HDP,2017-01-18,9.0300
HDP,2017-01-19,8.8800
HDP,2017-01-20,9.0000
HDP,2017-01-23,8.8500
HDP,2017-01-24,9.0000
HDP,2017-01-25,9.0800
HDP,2017-01-26,8.8300
HDP,2017-01-27,8.9000
HDP,2017-01-30,9.3200
HDP,2017-01-31,9.7000
HDP,2017-02-01,9.5400
HDP,2017-02-02,9.5700
HDP,2017-02-03,9.9900
HDP,2017-02-06,10.0600
HDP,2017-02-07,10.2100
HDP,2017-02-08,9.8900
HDP,2017-02-09,10.1700
HDP,2017-02-10,10.6500
HDP,2017-02-13,10.5100
HDP,2017-02-14,10.5400
HDP,2017-02-15,10.6400
HDP,2017-02-16,10.5000
HDP,2017-02-17,10.5400
HDP,2017-02-21,10.4600
HDP,2017-02-22,10.2700
HDP,2017-02-23,10.0700
HDP,2017-02-24,9.9300
HDP,2017-02-27,10.1200
HDP,2017-02-28,9.9400
HDP,2017-03-01,10.1200
HDP,2017-03-02,10.0000
HDP,2017-03-03,9.9000
HDP,2017-03-06,9.9800
HDP,2017-03-07,9.8900
HDP,2017-03-08,9.8600
HDP,2017-03-09,9.8300
HDP,2017-03-10,9.9300
HDP,2017-03-13,9.7900
HDP,2017-03-14,9.4600
HDP,2017-03-15,9.7100
HDP,2017-03-16,9.9000
HDP,2017-03-17,10.0400
HDP,2017-03-20,9.9600
HDP,2017-03-21,9.5700
HDP,2017-03-22,9.4400
HDP,2017-03-23,9.3100
HDP,2017-03-24,9.3100
HDP,2017-03-27,9.3600
HDP,2017-03-28,9.4800
HDP,2017-03-29,9.7400
HDP,2017-03-30,9.7300
HDP,2017-03-31,9.8100
HDP,2017-04-03,10.3500
HDP,2017-04-04,10.7500
HDP,2017-04-05,10.7900
HDP,2017-04-06,10.8400
HDP,2017-04-07,10.6700
HDP,2017-04-10,10.9100
HDP,2017-04-11,11.0000
HDP,2017-04-12,10.7500
HDP,2017-04-13,10.6200
HDP,2017-04-17,10.6700
HDP,2017-04-18,10.6300
HDP,2017-04-19,10.6100
HDP,2017-04-20,10.5500
HDP,2017-04-21,10.1200
HDP,2017-04-24,10.1100
HDP,2017-04-25,10.1800
HDP,2017-04-26,10.4000
HDP,2017-04-27,10.5700
HDP,2017-04-28,10.4100
HDP,2017-05-01,10.4900
HDP,2017-05-02,10.5300
HDP,2017-05-03,10.1400
HDP,2017-05-04,10.1000
HDP,2017-05-05,11.1500
HDP,2017-05-08,11.0500
HDP,2017-05-09,12.1300
HDP,2017-05-10,12.4400
HDP,2017-05-11,12.5500
HDP,2017-05-12,13.4200
HDP,2017-05-15,13.2400
HDP,2017-05-16,12.9400
HDP,2017-05-17,12.2900
HDP,2017-05-18,12.6200
HDP,2017-05-19,12.4100
HDP,2017-05-22,12.7000
HDP,2017-05-23,12.5300
HDP,2017-05-24,13.8400
HDP,2017-05-25,13.4500
HDP,2017-05-26,13.6900
HDP,2017-05-30,12.8900
HDP,2017-05-31,12.3600
HDP,2017-06-01,12.9000
HDP,2017-06-02,12.9200
HDP,2017-06-05,12.9500
HDP,2017-06-06,12.2500
HDP,2017-06-07,12.2600
HDP,2017-06-08,12.7000
HDP,2017-06-09,11.9600
HDP,2017-06-12,12.0800
HDP,2017-06-13,13.3800
HDP,2017-06-14,12.8700
HDP,2017-06-15,12.6700
HDP,2017-06-16,13.1600
HDP,2017-06-19,13.2900
HDP,2017-06-20,13.1700
HDP,2017-06-21,13.5200
HDP,2017-06-22,13.5100
HDP,2017-06-23,13.8800
HDP,2017-06-26,13.6300
HDP,2017-06-27,13.2700
HDP,2017-06-28,13.5000
HDP,2017-06-29,12.9800
HDP,2017-06-30,12.8800
HDP,2017-07-03,12.6800
HDP,2017-07-05,12.5900
HDP,2017-07-06,12.5500
HDP,2017-07-07,12.7700
HDP,2017-07-10,12.5900
HDP,2017-07-11,12.9300
HDP,2017-07-12,13.1800
HDP,2017-07-13,13.2100
HDP,2017-07-14,13.3200
HDP,2017-07-17,14.3800
HDP,2017-07-18,14.2800
HDP,2017-07-19,13.1800
HDP,2017-07-20,12.5200
HDP,2017-07-21,12.5400
HDP,2017-07-24,13.0400
HDP,2017-07-25,13.9500
HDP,2017-07-26,13.8600
HDP,2017-07-27,13.6700
HDP,2017-07-28,13.6900
HDP,2017-07-31,13.4000
HDP,2017-08-01,13.1500
HDP,2017-08-02,12.7700
HDP,2017-08-03,12.5500
HDP,2017-08-04,14.8600
HDP,2017-08-07,14.9000
HDP,2017-08-08,14.7800
HDP,2017-08-09,14.9100
HDP,2017-08-10,14.4500
HDP,2017-08-11,14.5700
HDP,2017-08-14,14.5300
HDP,2017-08-15,14.4800
HDP,2017-08-16,15.1200
HDP,2017-08-17,15.1100
HDP,2017-08-18,15.7500
HDP,2017-08-21,15.4800
HDP,2017-08-22,15.4000
HDP,2017-08-23,15.6200
HDP,2017-08-24,15.9400
HDP,2017-08-25,16.1400
HDP,2017-08-28,16.0300
HDP,2017-08-29,16.3300
HDP,2017-08-30,16.4900
HDP,2017-08-31,16.9900
HDP,2017-09-01,17.2800
HDP,2017-09-05,17.2900
HDP,2017-09-06,17.3600
HDP,2017-09-07,17.2400
HDP,2017-09-08,16.7900
HDP,2017-09-11,17.2500
HDP,2017-09-12,16.2500
HDP,2017-09-13,16.7500
HDP,2017-09-14,16.4500
HDP,2017-09-15,16.6900
HDP,2017-09-18,17.0900
HDP,2017-09-19,16.8100
HDP,2017-09-20,16.9300
HDP,2017-09-21,17.0400
HDP,2017-09-22,16.9700
HDP,2017-09-25,16.8900
HDP,2017-09-26,16.8200
HDP,2017-09-27,16.8600
HDP,2017-09-28,16.9500
HDP,2017-09-29,16.9500
HDP,2017-10-02,16.9500
HDP,2017-10-03,17.0000
HDP,2017-10-04,16.8700
HDP,2017-10-05,16.9000
HDP,2017-10-06,16.7900
HDP,2017-10-09,16.5900
HDP,2017-10-10,16.3100
HDP,2017-10-11,16.6100
HDP,2017-10-12,16.6100
HDP,2017-10-13,16.6000
HDP,2017-10-16,16.9600
HDP,2017-10-17,16.1000
HDP,2017-10-18,16.3200
HDP,2017-10-19,15.9900
HDP,2017-10-20,16.2600
HDP,2017-10-23,16.1500
HDP,2017-10-24,16.1800
HDP,2017-10-25,15.9900
HDP,2017-10-26,16.1600
HDP,2017-10-27,16.2800
HDP,2017-10-30,16.3500
HDP,2017-10-31,16.5100
HDP,2017-11-01,16.5400
HDP,2017-11-02,16.9700
HDP,2017-11-03,18.3300
HDP,2017-11-06,18.6600
HDP,2017-11-07,17.9700
HDP,2017-11-08,18.5400
HDP,2017-11-09,18.3000
HDP,2017-11-10,18.2400
HDP,2017-11-13,18.5400
HDP,2017-11-14,18.4900
HDP,2017-11-15,18.5000
HDP,2017-11-16,19.4800
HDP,2017-11-17,19.4700
HDP,2017-11-20,19.7500
HDP,2017-11-21,20.2800
HDP,2017-11-22,20.3400
HDP,2017-11-24,20.3800
HDP,2017-11-27,19.9200
HDP,2017-11-28,19.8200
HDP,2017-11-29,19.4500
HDP,2017-11-30,19.0100
HDP,2017-12-01,19.0300
HDP,2017-12-04,18.1900
HDP,2017-12-05,18.6600
HDP,2017-12-06,19.0000
HDP,2017-12-07,19.1900
HDP,2017-12-08,19.2400
HDP,2017-12-11,19.5800
HDP,2017-12-12,19.7600
HDP,2017-12-13,20.2700
HDP,2017-12-14,19.8600
HDP,2017-12-15,19.9600
HDP,2017-12-18,20.9900
HDP,2017-12-19,20.1000
HDP,2017-12-20,20.2300
HDP,2017-12-21,20.4600
HDP,2017-12-22,20.1900
HDP,2017-12-26,20.4200
HDP,2017-12-27,20.5100
HDP,2017-12-28,20.2700
HDP,2017-12-29,20.1100
HDP,2018-01-02,21.0200
HDP,2018-01-03,21.2700
HDP,2018-01-04,20.8400
HDP,2018-01-05,20.7400
HDP,2018-01-08,19.9700
HDP,2018-01-09,19.6400
HDP,2018-01-10,20.5500
HDP,2018-01-11,20.8300
HDP,2018-01-12,21.3400
HDP,2018-01-16,20.4500
HDP,2018-01-17,20.6600
HDP,2018-01-18,20.4400
HDP,2018-01-19,20.4200
HDP,2018-01-22,20.1300
HDP,2018-01-23,20.3900
HDP,2018-01-24,19.9800
HDP,2018-01-25,19.8400
HDP,2018-01-26,20.5300
HDP,2018-01-29,19.9500
HDP,2018-01-30,19.9400
HDP,2018-01-31,19.9500
HDP,2018-02-01,19.8100
HDP,2018-02-02,19.5200
HDP,2018-02-05,18.9800
HDP,2018-02-06,18.8300
HDP,2018-02-07,19.4000
HDP,2018-02-08,18.8400
HDP,2018-02-09,17.1500
HDP,2018-02-12,18.0100
HDP,2018-02-13,17.5200
HDP,2018-02-14,17.9500
HDP,2018-02-15,18.4600
HDP,2018-02-16,18.1900
HDP,2018-02-20,18.2200
HDP,2018-02-21,18.3600
HDP,2018-02-22,18.5100
HDP,2018-02-23,18.0600
HDP,2018-02-26,18.6500
HDP,2018-02-27,18.2000
HDP,2018-02-28,17.9800
HDP,2018-03-01,18.3200
HDP,2018-03-02,18.7300
HDP,2018-03-05,18.9500
HDP,2018-03-06,20.1100
HDP,2018-03-07,19.8900
HDP,2018-03-08,20.4400
HDP,2018-03-09,20.6700
HDP,2018-03-12,20.7200
HDP,2018-03-13,20.4900
HDP,2018-03-14,20.5500
HDP,2018-03-15,20.3700
HDP,2018-03-16,20.4200
HDP,2018-03-19,20.0200
HDP,2018-03-20,20.6600
HDP,2018-03-21,20.5200
HDP,2018-03-22,20.1500
HDP,2018-03-23,19.4300
HDP,2018-03-26,20.5500
HDP,2018-03-27,19.7700
HDP,2018-03-28,19.7400
HDP,2018-03-29,20.3700
HDP,2018-04-02,19.7500
HDP,2018-04-03,19.7800
HDP,2018-04-04,18.6400
HDP,2018-04-05,18.4700
HDP,2018-04-06,17.9500
HDP,2018-04-09,17.8300
HDP,2018-04-10,17.8300
HDP,2018-04-11,18.0600
HDP,2018-04-12,17.8800
HDP,2018-04-13,17.5000
HDP,2018-04-16,17.7000
HDP,2018-04-17,18.4000
HDP,2018-04-18,18.5400
HDP,2018-04-19,18.3500
HDP,2018-04-20,18.1300
HDP,2018-04-23,17.9000
HDP,2018-04-24,17.0300
HDP,2018-04-25,16.5200
HDP,2018-04-26,16.8000
HDP,2018-04-27,16.8800
HDP,2018-04-30,16.9300
HDP,2018-05-01,17.1800
HDP,2018-05-02,17.4600
HDP,2018-05-03,17.7200
HDP,2018-05-04,17.8800
HDP,2018-05-07,18.7700
HDP,2018-05-08,18.9300
HDP,2018-05-09,18.0500
HDP,2018-05-10,18.1400
HDP,2018-05-11,18.1200
HDP,2018-05-14,17.5400
HDP,2018-05-15,17.2400
HDP,2018-05-16,16.9400
HDP,2018-05-17,16.6800
HDP,2018-05-18,17.0700
HDP,2018-05-21,17.5400
HDP,2018-05-22,17.5100
HDP,2018-05-23,17.9200
HDP,2018-05-24,18.0100
HDP,2018-05-25,18.0300
HDP,2018-05-29,17.9100
HDP,2018-05-30,17.5000
HDP,2018-05-31,17.7800
HDP,2018-06-01,17.8400
HDP,2018-06-04,17.5000
HDP,2018-06-05,17.7600
HDP,2018-06-06,18.0000
HDP,2018-06-07,17.3500
HDP,2018-06-08,17.6800
HDP,2018-06-11,17.3500
HDP,2018-06-12,17.6000
HDP,2018-06-13,18.0100
HDP,2018-06-14,18.4600
HDP,2018-06-15,19.1100
HDP,2018-06-18,19.8800
HDP,2018-06-19,19.6000
HDP,2018-06-20,19.6300
HDP,2018-06-21,19.0200
HDP,2018-06-22,18.7400
HDP,2018-06-25,17.7100
HDP,2018-06-26,18.2800
HDP,2018-06-27,17.9300
HDP,2018-06-28,18.0500
HDP,2018-06-29,18.2200
HDP,2018-07-02,18.5600
HDP,2018-07-03,18.6200
HDP,2018-07-05,18.9600
HDP,2018-07-06,19.3100
HDP,2018-07-09,19.3700
HDP,2018-07-10,19.1400
HDP,2018-07-11,19.1500
HDP,2018-07-12,19.5700
HDP,2018-07-13,19.2400
HDP,2018-07-16,19.2800
HDP,2018-07-17,19.4200
HDP,2018-07-18,19.2900
HDP,2018-07-19,19.5200
HDP,2018-07-20,19.2000
HDP,2018-07-23,19.4900
HDP,2018-07-24,19.2100
HDP,2018-07-25,19.8200
HDP,2018-07-26,19.7600
HDP,2018-07-27,18.8000
HDP,2018-07-30,17.7400
HDP,2018-07-31,17.4200
HDP,2018-08-01,17.2900
HDP,2018-08-02,17.8600
HDP,2018-08-03,16.9900
HDP,2018-08-06,17.2200
HDP,2018-08-07,17.0100
HDP,2018-08-08,19.9500
HDP,2018-08-09,20.7300
HDP,2018-08-10,21.7300
HDP,2018-08-13,22.2200
HDP,2018-08-14,22.3700
HDP,2018-08-15,21.8600
HDP,2018-08-16,21.6800
HDP,2018-08-17,21.1700
HDP,2018-08-20,21.0600
HDP,2018-08-21,21.3900
HDP,2018-08-22,21.2400
HDP,2018-08-23,20.8800
HDP,2018-08-24,21.6700
HDP,2018-08-27,21.4000
HDP,2018-08-28,21.4100
HDP,2018-08-29,22.6500
HDP,2018-08-30,22.3700
HDP,2018-08-31,22.3200
HDP,2018-09-04,21.8700
HDP,2018-09-05,20.3800
HDP,2018-09-06,22.0000
HDP,2018-09-07,22.0600
HDP,2018-09-10,22.6800
HDP,2018-09-11,23.5300
HDP,2018-09-12,24.7600
HDP,2018-09-13,24.2400
HDP,2018-09-14,25.5000
HDP,2018-09-17,23.5400
HDP,2018-09-18,23.7500
HDP,2018-09-19,23.3800
HDP,2018-09-20,24.0300
HDP,2018-09-21,22.5800
HDP,2018-09-24,22.7900
HDP,2018-09-25,23.3200
HDP,2018-09-26,22.7300
HDP,2018-09-27,22.5300
HDP,2018-09-28,22.8100
HDP,2018-10-01,22.1900
HDP,2018-10-02,21.5000
HDP,2018-10-03,21.8800
HDP,2018-10-04,24.4800
HDP,2018-10-05,23.2800
HDP,2018-10-08,22.6700
HDP,2018-10-09,22.4000
HDP,2018-10-10,19.9500
HDP,2018-10-11,19.8500
HDP,2018-10-12,20.2500
HDP,2018-10-15,19.7500
HDP,2018-10-16,20.4100
HDP,2018-10-17,19.8600
HDP,2018-10-18,19.0300
HDP,2018-10-19,17.8900
HDP,2018-10-22,18.5400
HDP,2018-10-23,18.4800
HDP,2018-10-24,16.8600
HDP,2018-10-25,17.5200
HDP,2018-10-26,16.9700
HDP,2018-10-29,16.6300
HDP,2018-10-30,17.2400
HDP,2018-10-31,17.8600
HDP,2018-11-01,18.3800
HDP,2018-11-02,18.5800
HDP,2018-11-05,18.9900
HDP,2018-11-06,18.1100
HDP,2018-11-07,19.0500
HDP,2018-11-08,18.4100
HDP,2018-11-09,16.2400
HDP,2018-11-12,15.7600
HDP,2018-11-13,15.5500
HDP,2018-11-14,15.3100
HDP,2018-11-15,15.7300
HDP,2018-11-16,15.7400
HDP,2018-11-19,14.5100
HDP,2018-11-20,13.7800
HDP,2018-11-21,14.8300
HDP,2018-11-23,14.7100
HDP,2018-11-26,15.5000
HDP,2018-11-27,15.2100
HDP,2018-11-28,16.1600
HDP,2018-11-29,16.0500
HDP,2018-11-30,16.1000
HDP,2018-12-03,16.0700
HDP,2018-12-04,15.1500
HDP,2018-12-06,17.0700
HDP,2018-12-07,15.9400
HDP,2018-12-10,16.6000
HDP,2018-12-11,16.0400
HDP,2018-12-12,16.4400
HDP,2018-12-13,16.1500
HDP,2018-12-14,16.0300
HDP,2018-12-17,14.8300
HDP,2018-12-18,15.2300
HDP,2018-12-19,14.6300
HDP,2018-12-20,14.4500
HDP,2018-12-21,13.4800
HDP,2018-12-24,13.4800
HDP,2018-12-26,14.2500
HDP,2018-12-27,14.3200
HDP,2018-12-28,14.1600
HDP,2018-12-31,14.4200
HDP,2019-01-02,14.6800
BASE,2021-07-23,33.9900
BASE,2021-07-26,31.7600
BASE,2021-07-27,30.6700
BASE,2021-07-28,30.2900
BASE,2021-07-29,29.3200
BASE,2021-07-30,30.1600
BASE,2021-08-02,30.2100
BASE,2021-08-03,30.2800
BASE,2021-08-04,30.8400
BASE,2021-08-05,31.8900
BASE,2021-08-06,31.6600
BASE,2021-08-09,31.3000
BASE,2021-08-10,30.0500
BASE,2021-08-11,30.5500
BASE,2021-08-12,31.3000
BASE,2021-08-13,34.6200
BASE,2021-08-16,35.5700
BASE,2021-08-17,34.7100
BASE,2021-08-18,36.7100
BASE,2021-08-19,37.3500
BASE,2021-08-20,37.6800
BASE,2021-08-23,42.9500
BASE,2021-08-24,42.7500
BASE,2021-08-25,49.1500
BASE,2021-08-26,42.0100
BASE,2021-08-27,46.9400
BASE,2021-08-30,44.8500
BASE,2021-08-31,50.2300
BASE,2021-09-01,47.1000
BASE,2021-09-02,48.0000
BASE,2021-09-03,47.7200
BASE,2021-09-07,48.9600
BASE,2021-09-08,51.5800
BASE,2021-09-09,41.6100
BASE,2021-09-10,38.6500
BASE,2021-09-13,37.0200
BASE,2021-09-14,35.2900
BASE,2021-09-15,36.0800
BASE,2021-09-16,36.1900
BASE,2021-09-17,34.7400
BASE,2021-09-20,34.7300
BASE,2021-09-21,34.5200
BASE,2021-09-22,35.1200
BASE,2021-09-23,37.9800
BASE,2021-09-24,35.3200
BASE,2021-09-27,35.0300
BASE,2021-09-28,32.2600
BASE,2021-09-29,30.8000
BASE,2021-09-30,31.1100
BASE,2021-10-01,30.0500
BASE,2021-10-04,28.9800
BASE,2021-10-05,29.5000
BASE,2021-10-06,30.0400
BASE,2021-10-07,31.9400
BASE,2021-10-08,31.9700
BASE,2021-10-11,31.8500
BASE,2021-10-12,33.1100
BASE,2021-10-13,34.1700
BASE,2021-10-14,34.1100
BASE,2021-10-15,33.2900
BASE,2021-10-18,35.8500
BASE,2021-10-19,36.7900
BASE,2021-10-20,37.8000
BASE,2021-10-21,39.2000
BASE,2021-10-22,38.6100
BASE,2021-10-25,39.1200
BASE,2021-10-26,38.1900
BASE,2021-10-27,35.1500
BASE,2021-10-28,37.5700
BASE,2021-10-29,40.3200
BASE,2021-11-01,41.6100
BASE,2021-11-02,41.8400
BASE,2021-11-03,42.5000
BASE,2021-11-04,44.4500
BASE,2021-11-05,44.1600
BASE,2021-11-08,46.4900
BASE,2021-11-09,46.3300
BASE,2021-11-10,42.8000
BASE,2021-11-11,45.7700
BASE,2021-11-12,44.0000
BASE,2021-11-15,43.0600
BASE,2021-11-16,42.2500
BASE,2021-11-17,42.6100
BASE,2021-11-18,40.9700
BASE,2021-11-19,36.2700
BASE,2021-11-22,33.7700
BASE,2021-11-23,31.5500
BASE,2021-11-24,31.9900
BASE,2021-11-26,31.2400
BASE,2021-11-29,31.9700
BASE,2021-11-30,33.0500
BASE,2021-12-01,28.2500
BASE,2021-12-02,27.5000
BASE,2021-12-03,25.3600
BASE,2021-12-06,26.0500
BASE,2021-12-07,29.5600
BASE,2021-12-08,27.9900
BASE,2021-12-09,25.9600
BASE,2021-12-10,25.0800
BASE,2021-12-13,25.8000
BASE,2021-12-14,22.1400
BASE,2021-12-15,24.3900
BASE,2021-12-16,22.4100
BASE,2021-12-17,22.5400
BASE,2021-12-20,22.5000
BASE,2021-12-21,23.1900
BASE,2021-12-22,23.4200
BASE,2021-12-23,23.1400
BASE,2021-12-27,23.8900
BASE,2021-12-28,23.1000
BASE,2021-12-29,24.3700
BASE,2021-12-30,24.7700
BASE,2021-12-31,24.9600
BASE,2022-01-03,24.6600
BASE,2022-01-04,23.7100
BASE,2022-01-05,21.2200
BASE,2022-01-06,20.8500
BASE,2022-01-07,21.9900
BASE,2022-01-10,21.0700
BASE,2022-01-11,23.1700
BASE,2022-01-12,22.6400
BASE,2022-01-13,20.5200
BASE,2022-01-14,20.2000
BASE,2022-01-18,21.0400
BASE,2022-01-19,22.0300
BASE,2022-01-20,22.1100
BASE,2022-01-21,21.8200
BASE,2022-01-24,20.6700
BASE,2022-01-25,19.8100
BASE,2022-01-26,20.2200
BASE,2022-01-27,19.4600
BASE,2022-01-28,20.9900
BASE,2022-01-31,23.4300
BASE,2022-02-01,24.1500
BASE,2022-02-02,22.9900
BASE,2022-02-03,22.1200
BASE,2022-02-04,22.7500
BASE,2022-02-07,23.2300
BASE,2022-02-08,23.9200
BASE,2022-02-09,24.3600
BASE,2022-02-10,24.2400
BASE,2022-02-11,23.0200
BASE,2022-02-14,22.7600
BASE,2022-02-15,24.1100
BASE,2022-02-16,23.9100
BASE,2022-02-17,21.6300
BASE,2022-02-18,20.4800
BASE,2022-02-22,20.1400
BASE,2022-02-23,18.6700
BASE,2022-02-24,20.1000
BASE,2022-02-25,20.2700
BASE,2022-02-28,21.0700
BASE,2022-03-01,19.7900
BASE,2022-03-02,20.0700
BASE,2022-03-03,18.8800
BASE,2022-03-04,18.2700
BASE,2022-03-07,17.8900
BASE,2022-03-08,17.4600
BASE,2022-03-09,18.5600
BASE,2022-03-10,16.7700
BASE,2022-03-11,15.8200
BASE,2022-03-14,14.9200
BASE,2022-03-15,15.6900
BASE,2022-03-16,17.0400
BASE,2022-03-17,17.4800
BASE,2022-03-18,17.5100
BASE,2022-03-21,17.4600
BASE,2022-03-22,18.0800
BASE,2022-03-23,17.6200
BASE,2022-03-24,17.4800
BASE,2022-03-25,16.3500
BASE,2022-03-28,16.4900
BASE,2022-03-29,17.2400
BASE,2022-03-30,17.0200
BASE,2022-03-31,17.4200
BASE,2022-04-01,17.1400
BASE,2022-04-04,17.8100
BASE,2022-04-05,17.5100
BASE,2022-04-06,17.1100
BASE,2022-04-07,17.8400
BASE,2022-04-08,17.3200
BASE,2022-04-11,17.3900
BASE,2022-04-12,17.0500
BASE,2022-04-13,18.2200
BASE,2022-04-14,18.1900
BASE,2022-04-18,17.5900
BASE,2022-04-19,18.2100
BASE,2022-04-20,18.1600
BASE,2022-04-21,17.1700
BASE,2022-04-22,17.0300
BASE,2022-04-25,17.7100
BASE,2022-04-26,16.8100
BASE,2022-04-27,16.9500
BASE,2022-04-28,17.5700
BASE,2022-04-29,17.0000
BASE,2022-05-02,17.9300
BASE,2022-05-03,17.1800
BASE,2022-05-04,18.5700
BASE,2022-05-05,17.6600
BASE,2022-05-06,17.1500
BASE,2022-05-09,14.2400
BASE,2022-05-10,13.8100
BASE,2022-05-11,12.1100
BASE,2022-05-12,12.4800
BASE,2022-05-13,13.6500
BASE,2022-05-16,12.5800
BASE,2022-05-17,13.5100
BASE,2022-05-18,12.6300
BASE,2022-05-19,13.1600
BASE,2022-05-20,12.9100
BASE,2022-05-23,12.8800
BASE,2022-05-24,12.1500
BASE,2022-05-25,12.3400
BASE,2022-05-26,12.8400
BASE,2022-05-27,14.1300
BASE,2022-05-31,14.1800
BASE,2022-06-01,14.5000
BASE,2022-06-02,16.0900
BASE,2022-06-03,15.5300
BASE,2022-06-06,14.0600
BASE,2022-06-07,13.9800
BASE,2022-06-08,14.1500
BASE,2022-06-09,16.0000
BASE,2022-06-10,15.7600
BASE,2022-06-13,14.3000
BASE,2022-06-14,14.7000
BASE,2022-06-15,15.8800
BASE,2022-06-16,14.4100
BASE,2022-06-17,15.6400
BASE,2022-06-21,16.3700
BASE,2022-06-22,16.2900
BASE,2022-06-23,18.0200
BASE,2022-06-24,18.5000
BASE,2022-06-27,16.8700
BASE,2022-06-28,16.6000
BASE,2022-06-29,16.7000
BASE,2022-06-30,16.4200
BASE,2022-07-01,16.7500
BASE,2022-07-05,17.7400
BASE,2022-07-06,17.5000
BASE,2022-07-07,17.7700
BASE,2022-07-08,17.9400
BASE,2022-07-11,17.0600
BASE,2022-07-12,16.4900
BASE,2022-07-13,16.3100
BASE,2022-07-14,15.6400
BASE,2022-07-15,15.4900
BASE,2022-07-18,16.0100
BASE,2022-07-19,16.7200
BASE,2022-07-20,17.5100
BASE,2022-07-21,18.0000
BASE,2022-07-22,16.5800
BASE,2022-07-25,16.0300
BASE,2022-07-26,15.4400
BASE,2022-07-27,16.4500
BASE,2022-07-28,15.5000
BASE,2022-07-29,15.2300
BASE,2022-08-01,15.5100
BASE,2022-08-02,15.8800
BASE,2022-08-03,16.8300
BASE,2022-08-04,16.5000
BASE,2022-08-05,16.5100
BASE,2022-08-08,18.2900
BASE,2022-08-09,17.2600
BASE,2022-08-10,18.7300
BASE,2022-08-11,19.0500
BASE,2022-08-12,18.0600
BASE,2022-08-15,18.0400
BASE,2022-08-16,18.2700
BASE,2022-08-17,18.1600
BASE,2022-08-18,17.8900
BASE,2022-08-19,16.5000
BASE,2022-08-22,16.5000
BASE,2022-08-23,17.0000
BASE,2022-08-24,17.8100
BASE,2022-08-25,18.8400
BASE,2022-08-26,16.4200
BASE,2022-08-29,16.3000
BASE,2022-08-30,16.4100
BASE,2022-08-31,16.5900
BASE,2022-09-01,14.5500
BASE,2022-09-02,14.5900
BASE,2022-09-06,14.5400
BASE,2022-09-07,14.8500
BASE,2022-09-08,15.7100
BASE,2022-09-09,15.6000
BASE,2022-09-12,15.5900
BASE,2022-09-13,13.9900
BASE,2022-09-14,14.0900
BASE,2022-09-15,15.3000
BASE,2022-09-16,14.5500
BASE,2022-09-19,14.9600
BASE,2022-09-20,14.6900
BASE,2022-09-21,14.6300
BASE,2022-09-22,13.5700
BASE,2022-09-23,13.7000
BASE,2022-09-26,13.4300
BASE,2022-09-27,13.8600
BASE,2022-09-28,14.5100
BASE,2022-09-29,14.1200
BASE,2022-09-30,14.2700
BASE,2022-10-03,14.6600
BASE,2022-10-04,15.8500
BASE,2022-10-05,16.0700
BASE,2022-10-06,15.8600
BASE,2022-10-07,14.5800
BASE,2022-10-10,13.2100
BASE,2022-10-11,13.1300
BASE,2022-10-12,12.4700
BASE,2022-10-13,12.1200
BASE,2022-10-14,11.8400
BASE,2022-10-17,12.5500
BASE,2022-10-18,12.2200
BASE,2022-10-19,11.8500
BASE,2022-10-20,12.2700
BASE,2022-10-21,12.5300
BASE,2022-10-24,12.7600
BASE,2022-10-25,12.8600
BASE,2022-10-26,12.8600
BASE,2022-10-27,13.0500
BASE,2022-10-28,13.0700
BASE,2022-10-31,12.8000
BASE,2022-11-01,12.8200
BASE,2022-11-02,11.8300
BASE,2022-11-03,11.8500
BASE,2022-11-04,10.9100
BASE,2022-11-07,10.5400
BASE,2022-11-08,10.9200
BASE,2022-11-09,10.7100
BASE,2022-11-10,11.7700
BASE,2022-11-11,13.0200
BASE,2022-11-14,12.7300
BASE,2022-11-15,12.7300
BASE,2022-11-16,12.0400
BASE,2022-11-17,11.5800
BASE,2022-11-18,11.5100
BASE,2022-11-21,11.8800
BASE,2022-11-22,12.2000
BASE,2022-11-23,12.6400
BASE,2022-11-25,12.6200
BASE,2022-11-28,12.7600
BASE,2022-11-29,12.8200
BASE,2022-11-30,13.6000
BASE,2022-12-01,14.3000
BASE,2022-12-02,14.6100
BASE,2022-12-05,13.9600
BASE,2022-12-06,13.3800
BASE,2022-12-07,12.9700
BASE,2022-12-08,14.2800
BASE,2022-12-09,14.2900
BASE,2022-12-12,14.4800
BASE,2022-12-13,14.4000
BASE,2022-12-14,14.1800
BASE,2022-12-15,13.5500
BASE,2022-12-16,13.3700
BASE,2022-12-19,12.6800
BASE,2022-12-20,12.8700
BASE,2022-12-21,13.1200
BASE,2022-12-22,12.6500
BASE,2022-12-23,12.9000
BASE,2022-12-27,12.4800
BASE,2022-12-28,12.9000
BASE,2022-12-29,13.1300
BASE,2022-12-30,13.2600
BASE,2023-01-03,13.5600
BASE,2023-01-04,13.2800
BASE,2023-01-05,12.9000
BASE,2023-01-06,12.9500
BASE,2023-01-09,13.5600
BASE,2023-01-10,13.0600
BASE,2023-01-11,13.0700
BASE,2023-01-12,13.1000
BASE,2023-01-13,13.6300
BASE,2023-01-17,13.8800
BASE,2023-01-18,13.2600
BASE,2023-01-19,13.1500
BASE,2023-01-20,13.2700
BASE,2023-01-23,13.5100
BASE,2023-01-24,13.7800
BASE,2023-01-25,14.0100
BASE,2023-01-26,14.3300
BASE,2023-01-27,15.0000
BASE,2023-01-30,14.6600
BASE,2023-01-31,14.7900
BASE,2023-02-01,15.6500
BASE,2023-02-02,16.6400
BASE,2023-02-03,16.3700
BASE,2023-02-06,16.1400
BASE,2023-02-07,16.3400
BASE,2023-02-08,16.5500
BASE,2023-02-09,16.4900
BASE,2023-02-10,15.6600
BASE,2023-02-13,16.2300
BASE,2023-02-14,16.8300
BASE,2023-02-15,16.9200
BASE,2023-02-16,16.1100
BASE,2023-02-17,16.0100
BASE,2023-02-21,15.5400
BASE,2023-02-22,15.8900
BASE,2023-02-23,15.9200
BASE,2023-02-24,15.8400
BASE,2023-02-27,15.9600
BASE,2023-02-28,16.2600
BASE,2023-03-01,15.5500
BASE,2023-03-02,15.9300
BASE,2023-03-03,16.4000
BASE,2023-03-06,16.3800
BASE,2023-03-07,16.3000
BASE,2023-03-08,16.7500
BASE,2023-03-09,15.7800
BASE,2023-03-10,14.6000
BASE,2023-03-13,15.2900
BASE,2023-03-14,13.9400
BASE,2023-03-15,13.6500
BASE,2023-03-16,13.6700
BASE,2023-03-17,13.8700
BASE,2023-03-20,13.4500
BASE,2023-03-21,13.8400
BASE,2023-03-22,13.5100
BASE,2023-03-23,13.5900
BASE,2023-03-24,13.4100
BASE,2023-03-27,13.5800
BASE,2023-03-28,13.5400
BASE,2023-03-29,13.7700
BASE,2023-03-30,13.6200
BASE,2023-03-31,14.0600
BASE,2023-04-03,13.7200
BASE,2023-04-04,13.6500
BASE,2023-04-05,13.7000
BASE,2023-04-06,13.9200
BASE,2023-04-10,14.3000
BASE,2023-04-11,14.2100
BASE,2023-04-12,14.8500
BASE,2023-04-13,15.2700
BASE,2023-04-14,15.5100
BASE,2023-04-17,15.7500
BASE,2023-04-18,16.9800
BASE,2023-04-19,16.7600
BASE,2023-04-20,16.6500
BASE,2023-04-21,16.6800
BASE,2023-04-24,15.6600
BASE,2023-04-25,14.7900
BASE,2023-04-26,15.8800
BASE,2023-04-27,15.4900
BASE,2023-04-28,15.3600
BASE,2023-05-01,14.9200
BASE,2023-05-02,14.9000
BASE,2023-05-03,14.8800
BASE,2023-05-04,15.0300
BASE,2023-05-05,15.5100
BASE,2023-05-08,15.7600
BASE,2023-05-09,15.9000
BASE,2023-05-10,16.1800
BASE,2023-05-11,16.1900
BASE,2023-05-12,16.3800
BASE,2023-05-15,16.6600
BASE,2023-05-16,16.7300
BASE,2023-05-17,16.7500
BASE,2023-05-18,17.4300
BASE,2023-05-19,17.9100
BASE,2023-05-22,19.0300
BASE,2023-05-23,18.8400
BASE,2023-05-24,19.0500
BASE,2023-05-25,18.9400
BASE,2023-05-26,19.2900
BASE,2023-05-30,19.6500
BASE,2023-05-31,20.5200
BASE,2023-06-01,20.2700
BASE,2023-06-02,21.0300
BASE,2023-06-05,22.2000
BASE,2023-06-06,22.2300
BASE,2023-06-07,15.9800
BASE,2023-06-08,15.7600
BASE,2023-06-09,16.1800
BASE,2023-06-12,15.9000
BASE,2023-06-13,16.3200
BASE,2023-06-14,16.2700
BASE,2023-06-15,16.6400
BASE,2023-06-16,15.4400
BASE,2023-06-20,15.2100
BASE,2023-06-21,14.8300
BASE,2023-06-22,14.8700
BASE,2023-06-23,14.6300
BASE,2023-06-26,14.1700
BASE,2023-06-27,14.3500
BASE,2023-06-28,14.9400
BASE,2023-06-29,15.1400
BASE,2023-06-30,15.8200
BASE,2023-07-03,15.3600
BASE,2023-07-05,15.2200
BASE,2023-07-06,14.7300
BASE,2023-07-07,14.1600
BASE,2023-07-10,14.7100
BASE,2023-07-11,14.9200
BASE,2023-07-12,15.1800
BASE,2023-07-13,15.3000
BASE,2023-07-14,14.9500
BASE,2023-07-17,15.6600
BASE,2023-07-18,16.4300
BASE,2023-07-19,16.3000
BASE,2023-07-20,15.7700
BASE,2023-07-21,15.8400
BASE,2023-07-24,15.8800
BASE,2023-07-25,16.1000
BASE,2023-07-26,16.1100
BASE,2023-07-27,16.1000
BASE,2023-07-28,16.3700
BASE,2023-07-31,16.6900
BASE,2023-08-01,16.5700
BASE,2023-08-02,15.4600
BASE,2023-08-03,15.9200
BASE,2023-08-04,15.8600
BASE,2023-08-07,15.9900
BASE,2023-08-08,15.3800
BASE,2023-08-09,14.9600
BASE,2023-08-10,14.9600
BASE,2023-08-11,15.1800
BASE,2023-08-14,15.3900
BASE,2023-08-15,15.2100
BASE,2023-08-16,15.0900
BASE,2023-08-17,14.7500
BASE,2023-08-18,14.7600
BASE,2023-08-21,15.5200
BASE,2023-08-22,15.5000
BASE,2023-08-23,15.7800
BASE,2023-08-24,15.3400
BASE,2023-08-25,15.8000
BASE,2023-08-28,16.0600
BASE,2023-08-29,15.9000
BASE,2023-08-30,16.1600
BASE,2023-08-31,17.1000
BASE,2023-09-01,17.0400
BASE,2023-09-05,17.0300
BASE,2023-09-06,16.5000
BASE,2023-09-07,19.7200
BASE,2023-09-08,20.2400
BASE,2023-09-11,19.3400
BASE,2023-09-12,18.7600
BASE,2023-09-13,18.7900
BASE,2023-09-14,19.1400
BASE,2023-09-15,19.5100
BASE,2023-09-18,18.7400
BASE,2023-09-19,17.9100
BASE,2023-09-20,17.4800
BASE,2023-09-21,17.3500
BASE,2023-09-22,17.4500
BASE,2023-09-25,17.4700
BASE,2023-09-26,16.9500
BASE,2023-09-27,17.1900
BASE,2023-09-28,17.1300
BASE,2023-09-29,17.1600
BASE,2023-10-02,17.0200
BASE,2023-10-03,16.6400
BASE,2023-10-04,16.7500
BASE,2023-10-05,16.8700
BASE,2023-10-06,17.3000
BASE,2023-10-09,17.1200
BASE,2023-10-10,16.9800
BASE,2023-10-11,16.4100
BASE,2023-10-12,15.8500
BASE,2023-10-13,15.0500
BASE,2023-10-16,15.7000
BASE,2023-10-17,15.4800
BASE,2023-10-18,15.1400
BASE,2023-10-19,15.1400
BASE,2023-10-20,14.9200
BASE,2023-10-23,14.9500
BASE,2023-10-24,15.3600
BASE,2023-10-25,14.9100
BASE,2023-10-26,15.0500
BASE,2023-10-27,15.1300
BASE,2023-10-30,15.2500
BASE,2023-10-31,15.5600
BASE,2023-11-01,14.7800
BASE,2023-11-02,14.3200
BASE,2023-11-03,15.0700
BASE,2023-11-06,15.0100
BASE,2023-11-07,16.5100
BASE,2023-11-08,16.6200
BASE,2023-11-09,16.1300
BASE,2023-11-10,16.4800
BASE,2023-11-13,16.7100
BASE,2023-11-14,18.0500
BASE,2023-11-15,17.5300
BASE,2023-11-16,17.4600
BASE,2023-11-17,18.2300
BASE,2023-11-20,18.9700
BASE,2023-11-21,18.6900
BASE,2023-11-22,18.9200
BASE,2023-11-24,18.7300
BASE,2023-11-27,18.9300
BASE,2023-11-28,18.9800
BASE,2023-11-29,19.5100
BASE,2023-11-30,19.6400
BASE,2023-12-01,20.1700
BASE,2023-12-04,20.0200
BASE,2023-12-05,20.4500
BASE,2023-12-06,19.9300
BASE,2023-12-07,19.4900
BASE,2023-12-08,20.3500
BASE,2023-12-11,21.6200
BASE,2023-12-12,21.5900
BASE,2023-12-13,21.7800
BASE,2023-12-14,24.5200
BASE,2023-12-15,23.8400
BASE,2023-12-18,24.0100
BASE,2023-12-19,23.2600
BASE,2023-12-20,22.5900
BASE,2023-12-21,22.5600
BASE,2023-12-22,23.0000
BASE,2023-12-26,22.7300
BASE,2023-12-27,23.1200
BASE,2023-12-28,22.9500
BASE,2023-12-29,22.5200
BASE,2024-01-02,21.1300
BASE,2024-01-03,20.4100
BASE,2024-01-04,20.7500
BASE,2024-01-05,20.9800
BASE,2024-01-08,22.7500
BASE,2024-01-09,22.3100
BASE,2024-01-10,22.4600
BASE,2024-01-11,23.1500
BASE,2024-01-12,23.3700
BASE,2024-01-16,23.7500
BASE,2024-01-17,24.1600
BASE,2024-01-18,23.6600
BASE,2024-01-19,23.9400
BASE,2024-01-22,24.8000
BASE,2024-01-23,24.7700
BASE,2024-01-24,24.6000
BASE,2024-01-25,24.8500
BASE,2024-01-26,24.2200
BASE,2024-01-29,24.7200
BASE,2024-01-30,24.6800
BASE,2024-01-31,25.0000
BASE,2024-02-01,26.1800
BASE,2024-02-02,27.0800
BASE,2024-02-05,27.4900
BASE,2024-02-06,27.2800
BASE,2024-02-07,27.3400
BASE,2024-02-08,27.4900
BASE,2024-02-09,27.9200
BASE,2024-02-12,27.5100
BASE,2024-02-13,26.3000
BASE,2024-02-14,27.4800
BASE,2024-02-15,28.0700
BASE,2024-02-16,27.9300
BASE,2024-02-20,26.9200
BASE,2024-02-21,26.8100
BASE,2024-02-22,27.5400
BASE,2024-02-23,27.3700
BASE,2024-02-26,28.0100
BASE,2024-02-27,27.4500
BASE,2024-02-28,27.4800
BASE,2024-02-29,28.0800
BASE,2024-03-01,28.7600
BASE,2024-03-04,27.9700
BASE,2024-03-05,26.9000
BASE,2024-03-06,27.9800
BASE,2024-03-07,29.2600
BASE,2024-03-08,28.3300
BASE,2024-03-11,27.0700
BASE,2024-03-12,27.6500
BASE,2024-03-13,27.8800
BASE,2024-03-14,28.0800
BASE,2024-03-15,27.1900
BASE,2024-03-18,27.0300
BASE,2024-03-19,26.9500
BASE,2024-03-20,27.2400
BASE,2024-03-21,27.4000
BASE,2024-03-22,26.7800
BASE,2024-03-25,26.6700
BASE,2024-03-26,25.9800
BASE,2024-03-27,26.1200
BASE,2024-03-28,26.3100
BASE,2024-04-01,26.1600
BASE,2024-04-02,26.0500
BASE,2024-04-03,26.2700
BASE,2024-04-04,26.1100
BASE,2024-04-05,26.9100
BASE,2024-04-08,26.5900
BASE,2024-04-09,25.5500
BASE,2024-04-10,25.1800
BASE,2024-04-11,25.4500
BASE,2024-04-12,24.6700
BASE,2024-04-15,24.0200
BASE,2024-04-16,24.3500
BASE,2024-04-17,23.8300
BASE,2024-04-18,23.5200
BASE,2024-04-19,22.9000
BASE,2024-04-22,23.0500
BASE,2024-04-23,24.0900
BASE,2024-04-24,24.0600
BASE,2024-04-25,23.6000
BASE,2024-04-26,25.4700
BASE,2024-04-29,24.6000
BASE,2024-04-30,24.1400
BASE,2024-05-01,24.2200
BASE,2024-05-02,25.1700
BASE,2024-05-03,25.8900
BASE,2024-05-06,26.0400
BASE,2024-05-07,26.0300
BASE,2024-05-08,25.5700
BASE,2024-05-09,25.9800
BASE,2024-05-10,26.0600
BASE,2024-05-13,26.0800
BASE,2024-05-14,25.9900
BASE,2024-05-15,26.8200
BASE,2024-05-16,26.5200
BASE,2024-05-17,27.5800
BASE,2024-05-20,28.2800
BASE,2024-05-21,28.1400
BASE,2024-05-22,26.8300
BASE,2024-05-23,26.2800
BASE,2024-05-24,26.5400
BASE,2024-05-28,25.9900
BASE,2024-05-29,25.5500
BASE,2024-05-30,23.8400
BASE,2024-05-31,22.6700
BASE,2024-06-03,21.5700
BASE,2024-06-04,21.2700
BASE,2024-06-05,21.5300
BASE,2024-06-06,18.4100
BASE,2024-06-07,17.9700
BASE,2024-06-10,18.1600
BASE,2024-06-11,17.9300
BASE,2024-06-12,18.6300
BASE,2024-06-13,17.8500
BASE,2024-06-14,17.9300
BASE,2024-06-17,17.3100
BASE,2024-06-18,16.8600
BASE,2024-06-20,16.5000
BASE,2024-06-21,16.7700
BASE,2024-06-24,17.0500
BASE,2024-06-25,17.5000
BASE,2024-06-26,17.5900
BASE,2024-06-27,18.7200
BASE,2024-06-28,18.2600
BASE,2024-07-01,17.8000
BASE,2024-07-02,18.0400
BASE,2024-07-03,17.9900
BASE,2024-07-05,18.0600
BASE,2024-07-08,18.1800
BASE,2024-07-09,17.5000
BASE,2024-07-10,17.3000
BASE,2024-07-11,17.4400
BASE,2024-07-12,17.3800
BASE,2024-07-15,18.6100
BASE,2024-07-16,18.6700
BASE,2024-07-17,18.6100
BASE,2024-07-18,17.9900
BASE,2024-07-19,17.8800
BASE,2024-07-22,18.7800
BASE,2024-07-23,19.6000
BASE,2024-07-24,19.3000
BASE,2024-07-25,19.8700
BASE,2024-07-26,19.8400
BASE,2024-07-29,19.8000
BASE,2024-07-30,19.6800
BASE,2024-07-31,19.1900
BASE,2024-08-01,17.9500
BASE,2024-08-02,17.2400
BASE,2024-08-05,16.8900
BASE,2024-08-06,17.2300
BASE,2024-08-07,17.1400
BASE,2024-08-08,17.7400
BASE,2024-08-09,17.4700
BASE,2024-08-12,17.2900
BASE,2024-08-13,17.7600
BASE,2024-08-14,17.5500
BASE,2024-08-15,17.9100
BASE,2024-08-16,18.1100
BASE,2024-08-19,18.3000
BASE,2024-08-20,18.2000
BASE,2024-08-21,18.6000
BASE,2024-08-22,18.1800
BASE,2024-08-23,18.2700
BASE,2024-08-26,18.7100
BASE,2024-08-27,18.4900
BASE,2024-08-28,18.6000
BASE,2024-08-29,18.7100
BASE,2024-08-30,19.6200
BASE,2024-09-03,18.9700
BASE,2024-09-04,18.9900
BASE,2024-09-05,16.1000
BASE,2024-09-06,15.8500
BASE,2024-09-09,15.6700
BASE,2024-09-10,14.9600
BASE,2024-09-11,14.6600
BASE,2024-09-12,14.8300
BASE,2024-09-13,14.8600
BASE,2024-09-16,14.1900
BASE,2024-09-17,14.0900
BASE,2024-09-18,13.9200
BASE,2024-09-19,14.1100
BASE,2024-09-20,13.6700
BASE,2024-09-23,13.9900
BASE,2024-09-24,14.5900
BASE,2024-09-25,14.4700
BASE,2024-09-26,14.9100
BASE,2024-09-27,15.2800
BASE,2024-09-30,16.1200
BASE,2024-10-01,15.0500
BASE,2024-10-02,14.9300
BASE,2024-10-03,14.3700
BASE,2024-10-04,14.6500
BASE,2024-10-07,15.4000
BASE,2024-10-08,15.3600
BASE,2024-10-09,15.3500
BASE,2024-10-10,15.6100
BASE,2024-10-11,16.0900
BASE,2024-10-14,16.6200
BASE,2024-10-15,16.8300
BASE,2024-10-16,16.3200
BASE,2024-10-17,17.0700
BASE,2024-10-18,17.3800
BASE,2024-10-21,17.1100
BASE,2024-10-22,16.7200
BASE,2024-10-23,16.2500
BASE,2024-10-24,16.1500
BASE,2024-10-25,16.3000
BASE,2024-10-28,16.4600
BASE,2024-10-29,16.5700
BASE,2024-10-30,16.4400
BASE,2024-10-31,16.0700
BASE,2024-11-01,16.2500
BASE,2024-11-04,15.9300
BASE,2024-11-05,16.7200
BASE,2024-11-06,17.8000
BASE,2024-11-07,17.9400
BASE,2024-11-08,18.1700
BASE,2024-11-11,18.5500
BASE,2024-11-12,19.5700
BASE,2024-11-13,19.5300
BASE,2024-11-14,19.1800
BASE,2024-11-15,19.2500
BASE,2024-11-18,19.6400
BASE,2024-11-19,20.1900
BASE,2024-11-20,20.3900
BASE,2024-11-21,21.0200
BASE,2024-11-22,20.9300
BASE,2024-11-25,20.6400
BASE,2024-11-26,20.4200
BASE,2024-11-27,20.3300
BASE,2024-11-29,20.5100
BASE,2024-12-02,20.5200
BASE,2024-12-03,21.1200
BASE,2024-12-04,16.4900
BASE,2024-12-05,16.4700
BASE,2024-12-06,16.3800
BASE,2024-12-09,15.9000
BASE,2024-12-10,15.8700
BASE,2024-12-11,16.0700
BASE,2024-12-12,16.1500
BASE,2024-12-13,15.3400
BASE,2024-12-16,15.5400
BASE,2024-12-17,15.6900
BASE,2024-12-18,15.2600
BASE,2024-12-19,15.3800
BASE,2024-12-20,15.4400
BASE,2024-12-23,15.2700
BASE,2024-12-24,15.5000
BASE,2024-12-26,15.5900
BASE,2024-12-27,15.2400
BASE,2024-12-30,15.2700
BASE,2024-12-31,15.5900
BASE,2025-01-02,15.5500
BASE,2025-01-03,15.8100
BASE,2025-01-06,16.2800
BASE,2025-01-07,15.8300
BASE,2025-01-08,16.0000
BASE,2025-01-10,15.8000
BASE,2025-01-13,15.9700
BASE,2025-01-14,15.9400
BASE,2025-01-15,16.0000
BASE,2025-01-16,16.3600
BASE,2025-01-17,16.4500
BASE,2025-01-21,16.7000
BASE,2025-01-22,17.0000
BASE,2025-01-23,17.5100
BASE,2025-01-24,17.2900
BASE,2025-01-27,17.1100
BASE,2025-01-28,18.2600
BASE,2025-01-29,17.4700
BASE,2025-01-30,17.3800
BASE,2025-01-31,17.7400
BASE,2025-02-03,17.6600
BASE,2025-02-04,18.3500
BASE,2025-02-05,18.8400
BASE,2025-02-06,18.4900
BASE,2025-02-07,18.3600
BASE,2025-02-10,18.9000
BASE,2025-02-11,18.7200
BASE,2025-02-12,19.1400
BASE,2025-02-13,18.8000
BASE,2025-02-14,18.4800
BASE,2025-02-18,18.8700
BASE,2025-02-19,18.5300
BASE,2025-02-20,18.3000
BASE,2025-02-21,17.9000
BASE,2025-02-24,16.5500
BASE,2025-02-25,16.2500
BASE,2025-02-26,18.2600
BASE,2025-02-27,17.5300
BASE,2025-02-28,17.6500
BASE,2025-03-03,17.0900
BASE,2025-03-04,17.4500
BASE,2025-03-05,17.5100
BASE,2025-03-06,16.8100
BASE,2025-03-07,16.8000
BASE,2025-03-10,15.1800
BASE,2025-03-11,14.7500
BASE,2025-03-12,14.7700
BASE,2025-03-13,13.7700
BASE,2025-03-14,13.6800
BASE,2025-03-17,13.5700
BASE,2025-03-18,13.1700
BASE,2025-03-19,13.5800
BASE,2025-03-20,14.2500
BASE,2025-03-21,14.4700
BASE,2025-03-24,14.5000
BASE,2025-03-25,14.5300
BASE,2025-03-26,14.5000
BASE,2025-03-27,14.6600
BASE,2025-03-28,15.6700
BASE,2025-03-31,15.7500
BASE,2025-04-01,16.1500
BASE,2025-04-02,16.4700
BASE,2025-04-03,15.9600
BASE,2025-04-04,14.0400
BASE,2025-04-07,13.6600
BASE,2025-04-08,13.4400
BASE,2025-04-09,15.6400
BASE,2025-04-10,14.7800
BASE,2025-04-11,15.2100
BASE,2025-04-14,15.0500
BASE,2025-04-15,15.0700
BASE,2025-04-16,14.6900
BASE,2025-04-17,14.8900
BASE,2025-04-21,14.6700
BASE,2025-04-22,15.1900
BASE,2025-04-23,16.1300
BASE,2025-04-24,17.0400
BASE,2025-04-25,17.0700
BASE,2025-04-28,17.1400
BASE,2025-04-29,17.1100
BASE,2025-04-30,17.6400
BASE,2025-05-01,17.8400
BASE,2025-05-02,17.5900
BASE,2025-05-05,17.4700
BASE,2025-05-06,17.2300
BASE,2025-05-07,17.4700
BASE,2025-05-08,18.0500
BASE,2025-05-09,17.7600
BASE,2025-05-12,18.0800
BASE,2025-05-13,18.1600
BASE,2025-05-14,18.4400
BASE,2025-05-15,18.2700
BASE,2025-05-16,18.7700
BASE,2025-05-19,18.7000
BASE,2025-05-20,18.4500
BASE,2025-05-21,18.0100
BASE,2025-05-22,18.5600
BASE,2025-05-23,18.3200
BASE,2025-05-27,18.4700
BASE,2025-05-28,18.0600
BASE,2025-05-29,18.1800
BASE,2025-05-30,18.0700
BASE,2025-06-02,18.3500
BASE,2025-06-03,18.5600
BASE,2025-06-04,19.1300
BASE,2025-06-05,19.4600
BASE,2025-06-06,19.2200
BASE,2025-06-09,19.8600
BASE,2025-06-10,19.5000
BASE,2025-06-11,19.3800
BASE,2025-06-12,19.2600
BASE,2025-06-13,19.0500
BASE,2025-06-16,19.1500
BASE,2025-06-17,19.6100
BASE,2025-06-18,18.9300
BASE,2025-06-20,24.4900
BASE,2025-06-23,24.5800
BASE,2025-06-24,24.4100
BASE,2025-06-25,24.1200
BASE,2025-06-26,24.4100
BASE,2025-06-27,24.3600
BASE,2025-06-30,24.3800
BASE,2025-07-01,24.3200
BASE,2025-07-02,24.4200
BASE,2025-07-03,24.4200
BASE,2025-07-07,24.4300
BASE,2025-07-08,24.4000
BASE,2025-07-09,24.4200
BASE,2025-07-10,24.3900
BASE,2025-07-11,24.3000
BASE,2025-07-14,24.3100
BASE,2025-07-15,24.2900
BASE,2025-07-16,24.2600
BASE,2025-07-17,24.2400
BASE,2025-07-18,24.3100
BASE,2025-07-21,24.2800
BASE,2025-07-22,24.2600
BASE,2025-07-23,24.2500
BASE,2025-07-24,24.2500
BASE,2025-07-25,24.2700
BASE,2025-07-28,24.3100
BASE,2025-07-29,24.2700
BASE,2025-07-30,24.2600
BASE,2025-07-31,24.2600
BASE,2025-08-01,24.2400
BASE,2025-08-04,24.2800
BASE,2025-08-05,24.2800
BASE,2025-08-06,24.3000
BASE,2025-08-07,24.3200
BASE,2025-08-08,24.3000
BASE,2025-08-11,24.3000
BASE,2025-08-12,24.3400
BASE,2025-08-13,24.4000
BASE,2025-08-14,24.3300
BASE,2025-08-15,24.3400
BASE,2025-08-18,24.3600
BASE,2025-08-19,24.3400
BASE,2025-08-20,24.3600
BASE,2025-08-21,24.3500
BASE,2025-08-22,24.3700
BASE,2025-08-25,24.3400
BASE,2025-08-26,24.3800
BASE,2025-08-27,24.4000
BASE,2025-08-28,24.4000
BASE,2025-08-29,24.3900
BASE,2025-09-02,24.3900
BASE,2025-09-03,24.4200
BASE,2025-09-04,24.4400
BASE,2025-09-05,24.4400
BASE,2025-09-08,24.4400
BASE,2025-09-09,24.4300
BASE,2025-09-10,24.4200
BASE,2025-09-11,24.4200
BASE,2025-09-12,24.4000
BASE,2025-09-15,24.4200
BASE,2025-09-16,24.4200
BASE,2025-09-17,24.4400
BASE,2025-09-18,24.4900
BASE,2025-09-19,24.5100
BASE,2025-09-22,24.5000
HCP,2021-12-10,85.7000
HCP,2021-12-13,85.9900
HCP,2021-12-14,84.0100
HCP,2021-12-15,84.9200
HCP,2021-12-16,82.0000
HCP,2021-12-17,80.8900
HCP,2021-12-20,80.0000
HCP,2021-12-21,84.9700
HCP,2021-12-22,85.8700
HCP,2021-12-23,89.8200
HCP,2021-12-27,97.6000
HCP,2021-12-28,93.1800
HCP,2021-12-29,89.8300
HCP,2021-12-30,90.5400
HCP,2021-12-31,91.0400
HCP,2022-01-03,84.0100
HCP,2022-01-04,78.8300
HCP,2022-01-05,72.7900
HCP,2022-01-06,77.7500
HCP,2022-01-07,71.7700
HCP,2022-01-10,70.7500
HCP,2022-01-11,73.7600
HCP,2022-01-12,72.2700
HCP,2022-01-13,66.9700
HCP,2022-01-14,66.6900
HCP,2022-01-18,64.5000
HCP,2022-01-19,62.6300
HCP,2022-01-20,62.9700
HCP,2022-01-21,58.9300
HCP,2022-01-24,62.0800
HCP,2022-01-25,55.5100
HCP,2022-01-26,57.8800
HCP,2022-01-27,58.6500
HCP,2022-01-28,63.0100
HCP,2022-01-31,66.3900
HCP,2022-02-01,71.7500
HCP,2022-02-02,68.7000
HCP,2022-02-03,59.9500
HCP,2022-02-04,64.8900
HCP,2022-02-07,70.3000
HCP,2022-02-08,76.0000
HCP,2022-02-09,77.9700
HCP,2022-02-10,76.6700
HCP,2022-02-11,69.5300
HCP,2022-02-14,68.1500
HCP,2022-02-15,69.7500
HCP,2022-02-16,66.0600
HCP,2022-02-17,58.5100
HCP,2022-02-18,54.4100
HCP,2022-02-22,53.6800
HCP,2022-02-23,48.8900
HCP,2022-02-24,53.5000
HCP,2022-02-25,50.9000
HCP,2022-02-28,50.3900
HCP,2022-03-01,49.0000
HCP,2022-03-02,49.3000
HCP,2022-03-03,44.9900
HCP,2022-03-04,42.0100
HCP,2022-03-07,37.4900
HCP,2022-03-08,38.9600
HCP,2022-03-09,42.2500
HCP,2022-03-10,37.7400
HCP,2022-03-11,33.5600
HCP,2022-03-14,32.4500
HCP,2022-03-15,33.7900
HCP,2022-03-16,41.1600
HCP,2022-03-17,44.2000
HCP,2022-03-18,46.8000
HCP,2022-03-21,48.4400
HCP,2022-03-22,50.3600
HCP,2022-03-23,50.6900
HCP,2022-03-24,54.3000
HCP,2022-03-25,51.3000
HCP,2022-03-28,53.1000
HCP,2022-03-29,56.9600
HCP,2022-03-30,55.3200
HCP,2022-03-31,54.0000
HCP,2022-04-01,54.0000
HCP,2022-04-04,58.0200
HCP,2022-04-05,58.1400
HCP,2022-04-06,53.8500
HCP,2022-04-07,53.6400
HCP,2022-04-08,50.8600
HCP,2022-04-11,53.8000
HCP,2022-04-12,54.2900
HCP,2022-04-13,58.2200
HCP,2022-04-14,56.0700
HCP,2022-04-18,53.1500
HCP,2022-04-19,57.6800
HCP,2022-04-20,56.6000
HCP,2022-04-21,50.3400
HCP,2022-04-22,45.1400
HCP,2022-04-25,50.3900
HCP,2022-04-26,49.7600
HCP,2022-04-27,49.1300
HCP,2022-04-28,50.3500
HCP,2022-04-29,47.0800
HCP,2022-05-02,47.0100
HCP,2022-05-03,47.6800
HCP,2022-05-04,54.5400
HCP,2022-05-05,46.3300
HCP,2022-05-06,39.0000
HCP,2022-05-09,33.3900
HCP,2022-05-10,32.4400
HCP,2022-05-11,32.3500
HCP,2022-05-12,34.1500
HCP,2022-05-13,38.4900
HCP,2022-05-16,34.4900
HCP,2022-05-17,36.1700
HCP,2022-05-18,33.6200
HCP,2022-05-19,35.5800
HCP,2022-05-20,34.0400
HCP,2022-05-23,34.6500
HCP,2022-05-24,30.9600
HCP,2022-05-25,32.5000
HCP,2022-05-26,33.8900
HCP,2022-05-27,36.9500
HCP,2022-05-31,35.0200
HCP,2022-06-01,35.6100
HCP,2022-06-02,41.2700
HCP,2022-06-03,34.0000
HCP,2022-06-06,35.5700
HCP,2022-06-07,38.3300
HCP,2022-06-08,32.7600
HCP,2022-06-09,30.1500
HCP,2022-06-10,30.0900
HCP,2022-06-13,28.0200
HCP,2022-06-14,26.9500
HCP,2022-06-15,28.4700
HCP,2022-06-16,26.6200
HCP,2022-06-17,27.1900
HCP,2022-06-21,29.1400
HCP,2022-06-22,29.4200
HCP,2022-06-23,31.3500
HCP,2022-06-24,32.7700
HCP,2022-06-27,31.5800
HCP,2022-06-28,28.6600
HCP,2022-06-29,29.7000
HCP,2022-06-30,29.4400
HCP,2022-07-01,29.9700
HCP,2022-07-05,32.7400
HCP,2022-07-06,32.9200
HCP,2022-07-07,34.9700
HCP,2022-07-08,34.9600
HCP,2022-07-11,34.1000
HCP,2022-07-12,34.1700
HCP,2022-07-13,35.1900
HCP,2022-07-14,32.4700
HCP,2022-07-15,34.1400
HCP,2022-07-18,33.2500
HCP,2022-07-19,32.1100
HCP,2022-07-20,36.2500
HCP,2022-07-21,35.9900
HCP,2022-07-22,33.4400
HCP,2022-07-25,34.6800
HCP,2022-07-26,31.9900
HCP,2022-07-27,35.3700
HCP,2022-07-28,36.2100
HCP,2022-07-29,36.2400
HCP,2022-08-01,36.4800
HCP,2022-08-02,36.8700
HCP,2022-08-03,39.5000
HCP,2022-08-04,36.9100
HCP,2022-08-05,37.8200
HCP,2022-08-08,39.6700
HCP,2022-08-09,38.9200
HCP,2022-08-10,40.8500
HCP,2022-08-11,40.6200
HCP,2022-08-12,43.6200
HCP,2022-08-15,40.9900
HCP,2022-08-16,40.8900
HCP,2022-08-17,39.5000
HCP,2022-08-18,40.2400
HCP,2022-08-19,38.5800
HCP,2022-08-22,37.1300
HCP,2022-08-23,37.9100
HCP,2022-08-24,39.2400
HCP,2022-08-25,39.2500
HCP,2022-08-26,37.9600
HCP,2022-08-29,37.4900
HCP,2022-08-30,36.1900
HCP,2022-08-31,35.3500
HCP,2022-09-01,30.2600
HCP,2022-09-02,30.1100
HCP,2022-09-06,28.5500
HCP,2022-09-07,30.2300
HCP,2022-09-08,29.5400
HCP,2022-09-09,30.7000
HCP,2022-09-12,32.5600
HCP,2022-09-13,30.8400
HCP,2022-09-14,32.0500
HCP,2022-09-15,31.4400
HCP,2022-09-16,30.0700
HCP,2022-09-19,30.2700
HCP,2022-09-20,29.2700
HCP,2022-09-21,29.1300
HCP,2022-09-22,27.1200
HCP,2022-09-23,27.7600
HCP,2022-09-26,28.9300
HCP,2022-09-27,29.7200
HCP,2022-09-28,32.8300
HCP,2022-09-29,32.4900
HCP,2022-09-30,32.1900
HCP,2022-10-03,31.7000
HCP,2022-10-04,33.3200
HCP,2022-10-05,33.6800
HCP,2022-10-06,33.0000
HCP,2022-10-07,32.2800
HCP,2022-10-10,29.2700
HCP,2022-10-11,28.7100
HCP,2022-10-12,28.6700
HCP,2022-10-13,28.9400
HCP,2022-10-14,27.3400
HCP,2022-10-17,29.5800
HCP,2022-10-18,30.8100
HCP,2022-10-19,29.6900
HCP,2022-10-20,30.5800
HCP,2022-10-21,30.5800
HCP,2022-10-24,30.9200
HCP,2022-10-25,33.9400
HCP,2022-10-26,30.8300
HCP,2022-10-27,31.0400
HCP,2022-10-28,31.8800
HCP,2022-10-31,30.7300
HCP,2022-11-01,30.2800
HCP,2022-11-02,27.8600
HCP,2022-11-03,26.5100
HCP,2022-11-04,23.8100
HCP,2022-11-07,22.6000
HCP,2022-11-08,22.8400
HCP,2022-11-09,22.0400
HCP,2022-11-10,25.9600
HCP,2022-11-11,29.5000
HCP,2022-11-14,28.8900
HCP,2022-11-15,29.9800
HCP,2022-11-16,27.6600
HCP,2022-11-17,25.4300
HCP,2022-11-18,24.6800
HCP,2022-11-21,24.6000
HCP,2022-11-22,25.0200
HCP,2022-11-23,27.7700
HCP,2022-11-25,27.5000
HCP,2022-11-28,26.8300
HCP,2022-11-29,26.3100
HCP,2022-11-30,27.3000
HCP,2022-12-01,27.3500
HCP,2022-12-02,27.4500
HCP,2022-12-05,26.1100
HCP,2022-12-06,25.4700
HCP,2022-12-07,26.7200
HCP,2022-12-08,28.9000
HCP,2022-12-09,29.6300
HCP,2022-12-12,31.4400
HCP,2022-12-13,31.7700
HCP,2022-12-14,30.3700
HCP,2022-12-15,28.2000
HCP,2022-12-16,29.0200
HCP,2022-12-19,27.1000
HCP,2022-12-20,26.8300
HCP,2022-12-21,27.0200
HCP,2022-12-22,26.7600
HCP,2022-12-23,26.6100
HCP,2022-12-27,25.5400
HCP,2022-12-28,25.5200
HCP,2022-12-29,27.1400
HCP,2022-12-30,27.3400
HCP,2023-01-03,25.9200
HCP,2023-01-04,25.9200
HCP,2023-01-05,23.9200
HCP,2023-01-06,24.3300
HCP,2023-01-09,26.4700
HCP,2023-01-10,27.5600
HCP,2023-01-11,28.8000
HCP,2023-01-12,29.5000
HCP,2023-01-13,29.2600
HCP,2023-01-17,29.4500
HCP,2023-01-18,28.7900
HCP,2023-01-19,27.4000
HCP,2023-01-20,28.4300
HCP,2023-01-23,29.4200
HCP,2023-01-24,29.0200
HCP,2023-01-25,28.9800
HCP,2023-01-26,30.0600
HCP,2023-01-27,31.8300
HCP,2023-01-30,31.2700
HCP,2023-01-31,32.1800
HCP,2023-02-01,33.3500
HCP,2023-02-02,37.2800
HCP,2023-02-03,33.7300
HCP,2023-02-06,32.8200
HCP,2023-02-07,33.4900
HCP,2023-02-08,32.5700
HCP,2023-02-09,31.3000
HCP,2023-02-10,30.2500
HCP,2023-02-13,30.9600
HCP,2023-02-14,33.5000
HCP,2023-02-15,34.9000
HCP,2023-02-16,32.4300
HCP,2023-02-17,30.6900
HCP,2023-02-21,30.4300
HCP,2023-02-22,30.7500
HCP,2023-02-23,30.0100
HCP,2023-02-24,28.3700
HCP,2023-02-27,28.7400
HCP,2023-02-28,29.2000
HCP,2023-03-01,28.8900
HCP,2023-03-02,29.3700
HCP,2023-03-03,31.6500
HCP,2023-03-06,32.4600
HCP,2023-03-07,31.9200
HCP,2023-03-08,31.4300
HCP,2023-03-09,29.7300
HCP,2023-03-10,27.9300
HCP,2023-03-13,29.2500
HCP,2023-03-14,29.0800
HCP,2023-03-15,29.6900
HCP,2023-03-16,31.1300
HCP,2023-03-17,29.7400
HCP,2023-03-20,29.3800
HCP,2023-03-21,30.3300
HCP,2023-03-22,28.1500
HCP,2023-03-23,29.6200
HCP,2023-03-24,28.1100
HCP,2023-03-27,27.9000
HCP,2023-03-28,27.2500
HCP,2023-03-29,27.7700
HCP,2023-03-30,27.8700
HCP,2023-03-31,29.2900
HCP,2023-04-03,29.0400
HCP,2023-04-04,28.6600
HCP,2023-04-05,26.3100
HCP,2023-04-06,26.6500
HCP,2023-04-10,27.7800
HCP,2023-04-11,27.3800
HCP,2023-04-12,27.2200
HCP,2023-04-13,27.4800
HCP,2023-04-14,26.7200
HCP,2023-04-17,27.8200
HCP,2023-04-18,28.3900
HCP,2023-04-19,28.8400
HCP,2023-04-20,27.7500
HCP,2023-04-21,28.7400
HCP,2023-04-24,27.3700
HCP,2023-04-25,26.5900
HCP,2023-04-26,27.4900
HCP,2023-04-27,28.6700
HCP,2023-04-28,26.8100
HCP,2023-05-01,27.1300
HCP,2023-05-02,26.6200
HCP,2023-05-03,27.0200
HCP,2023-05-04,28.6300
HCP,2023-05-05,29.1000
HCP,2023-05-08,29.6900
HCP,2023-05-09,30.6300
HCP,2023-05-10,31.6900
HCP,2023-05-11,32.2000
HCP,2023-05-12,31.1800
HCP,2023-05-15,31.1400
HCP,2023-05-16,30.8900
HCP,2023-05-17,31.9500
HCP,2023-05-18,32.6500
HCP,2023-05-19,32.7300
HCP,2023-05-22,32.9400
HCP,2023-05-23,32.7500
HCP,2023-05-24,32.7900
HCP,2023-05-25,32.7400
HCP,2023-05-26,32.9800
HCP,2023-05-30,33.7000
HCP,2023-05-31,34.3400
HCP,2023-06-01,34.8500
HCP,2023-06-02,34.6800
HCP,2023-06-05,34.5100
HCP,2023-06-06,35.4900
HCP,2023-06-07,34.7700
HCP,2023-06-08,25.7800
HCP,2023-06-09,26.6200
HCP,2023-06-12,26.7400
HCP,2023-06-13,29.5600
HCP,2023-06-14,28.9400
HCP,2023-06-15,29.9000
HCP,2023-06-16,28.5600
HCP,2023-06-20,27.6300
HCP,2023-06-21,26.4400
HCP,2023-06-22,26.9200
HCP,2023-06-23,26.2700
HCP,2023-06-26,25.0500
HCP,2023-06-27,25.6900
HCP,2023-06-28,25.7900
HCP,2023-06-29,25.5500
HCP,2023-06-30,26.1800
HCP,2023-07-03,26.1600
HCP,2023-07-05,26.3700
HCP,2023-07-06,25.3300
HCP,2023-07-07,25.4700
HCP,2023-07-10,26.3500
HCP,2023-07-11,27.6100
HCP,2023-07-12,28.5200
HCP,2023-07-13,28.6100
HCP,2023-07-14,27.7800
HCP,2023-07-17,28.8300
HCP,2023-07-18,29.3200
HCP,2023-07-19,29.3100
HCP,2023-07-20,27.7800
HCP,2023-07-21,27.7600
HCP,2023-07-24,27.8800
HCP,2023-07-25,28.5700
HCP,2023-07-26,29.0000
HCP,2023-07-27,28.5100
HCP,2023-07-28,29.2600
HCP,2023-07-31,29.6100
HCP,2023-08-01,29.1800
HCP,2023-08-02,27.9800
HCP,2023-08-03,28.4900
HCP,2023-08-04,29.2400
HCP,2023-08-07,29.9500
HCP,2023-08-08,28.8500
HCP,2023-08-09,28.3200
HCP,2023-08-10,27.9800
HCP,2023-08-11,29.1700
HCP,2023-08-14,29.4200
HCP,2023-08-15,28.4100
HCP,2023-08-16,28.4000
HCP,2023-08-17,27.4100
HCP,2023-08-18,27.7500
HCP,2023-08-21,28.1100
HCP,2023-08-22,28.0600
HCP,2023-08-23,28.8200
HCP,2023-08-24,28.3200
HCP,2023-08-25,28.9300
HCP,2023-08-28,28.1200
HCP,2023-08-29,28.6900
HCP,2023-08-30,29.1400
HCP,2023-08-31,29.1600
HCP,2023-09-01,27.6500
HCP,2023-09-05,27.8200
HCP,2023-09-06,26.8700
HCP,2023-09-07,26.1100
HCP,2023-09-08,25.9100
HCP,2023-09-11,26.1600
HCP,2023-09-12,25.7700
HCP,2023-09-13,25.4800
HCP,2023-09-14,25.1700
HCP,2023-09-15,25.0900
HCP,2023-09-18,24.9200
HCP,2023-09-19,24.6900
HCP,2023-09-20,23.9000
HCP,2023-09-21,23.2600
HCP,2023-09-22,23.0000
HCP,2023-09-25,22.9000
HCP,2023-09-26,22.4900
HCP,2023-09-27,22.6500
HCP,2023-09-28,22.7600
HCP,2023-09-29,22.8300
HCP,2023-10-02,23.3200
HCP,2023-10-03,22.7500
HCP,2023-10-04,22.8400
HCP,2023-10-05,22.3500
HCP,2023-10-06,22.2500
HCP,2023-10-09,21.8000
HCP,2023-10-10,22.2200
HCP,2023-10-11,22.4900
HCP,2023-10-12,21.4600
HCP,2023-10-13,21.3000
HCP,2023-10-16,21.9800
HCP,2023-10-17,21.7900
HCP,2023-10-18,21.0800
HCP,2023-10-19,20.8900
HCP,2023-10-20,20.2300
HCP,2023-10-23,20.3800
HCP,2023-10-24,21.4100
HCP,2023-10-25,20.2400
HCP,2023-10-26,19.8200
HCP,2023-10-27,19.5900
HCP,2023-10-30,19.6500
HCP,2023-10-31,19.6900
HCP,2023-11-01,19.6100
HCP,2023-11-02,19.2000
HCP,2023-11-03,19.6800
HCP,2023-11-06,19.3400
HCP,2023-11-07,20.4000
HCP,2023-11-08,20.2900
HCP,2023-11-09,19.6000
HCP,2023-11-10,20.1700
HCP,2023-11-13,19.9300
HCP,2023-11-14,20.4600
HCP,2023-11-15,20.8800
HCP,2023-11-16,20.5700
HCP,2023-11-17,20.7500
HCP,2023-11-20,21.0300
HCP,2023-11-21,21.1700
HCP,2023-11-22,20.8900
HCP,2023-11-24,21.3000
HCP,2023-11-27,20.9900
HCP,2023-11-28,21.2900
HCP,2023-11-29,21.6900
HCP,2023-11-30,21.4200
HCP,2023-12-01,24.0200
HCP,2023-12-04,24.1500
HCP,2023-12-05,24.8900
HCP,2023-12-06,24.9100
HCP,2023-12-07,24.9000
HCP,2023-12-08,20.8100
HCP,2023-12-11,21.2900
HCP,2023-12-12,20.8900
HCP,2023-12-13,21.7400
HCP,2023-12-14,23.0600
HCP,2023-12-15,22.9000
HCP,2023-12-18,22.1200
HCP,2023-12-19,22.8000
HCP,2023-12-20,22.7000
HCP,2023-12-21,23.4500
HCP,2023-12-22,23.4300
HCP,2023-12-26,24.2600
HCP,2023-12-27,24.5000
HCP,2023-12-28,24.4100
HCP,2023-12-29,23.6400
HCP,2024-01-02,22.8500
HCP,2024-01-03,22.0300
HCP,2024-01-04,21.7700
HCP,2024-01-05,21.8500
HCP,2024-01-08,22.4200
HCP,2024-01-09,22.1800
HCP,2024-01-10,23.1300
HCP,2024-01-11,22.8300
HCP,2024-01-12,22.4700
HCP,2024-01-16,21.7200
HCP,2024-01-17,21.5900
HCP,2024-01-18,21.9600
HCP,2024-01-19,21.6700
HCP,2024-01-22,21.6600
HCP,2024-01-23,22.2500
HCP,2024-01-24,22.5700
HCP,2024-01-25,22.4000
HCP,2024-01-26,22.6400
HCP,2024-01-29,23.4600
HCP,2024-01-30,22.5800
HCP,2024-01-31,21.8600
HCP,2024-02-01,22.4800
HCP,2024-02-02,23.2300
HCP,2024-02-05,22.9000
HCP,2024-02-06,22.9900
HCP,2024-02-07,22.8600
HCP,2024-02-08,24.2600
HCP,2024-02-09,24.7300
HCP,2024-02-12,24.7400
HCP,2024-02-13,23.5400
HCP,2024-02-14,24.2200
HCP,2024-02-15,24.4400
HCP,2024-02-16,23.6600
HCP,2024-02-20,22.6900
HCP,2024-02-21,22.5500
HCP,2024-02-22,21.6100
HCP,2024-02-23,22.1200
HCP,2024-02-26,25.2200
HCP,2024-02-27,26.0300
HCP,2024-02-28,26.5800
HCP,2024-02-29,26.0700
HCP,2024-03-01,25.8700
HCP,2024-03-04,25.4300
HCP,2024-03-05,23.9600
HCP,2024-03-06,26.5600
HCP,2024-03-07,26.3200
HCP,2024-03-08,26.5800
HCP,2024-03-11,26.0900
HCP,2024-03-12,26.7900
HCP,2024-03-13,26.3600
HCP,2024-03-14,25.7400
HCP,2024-03-15,26.5000
HCP,2024-03-18,28.6400
HCP,2024-03-19,28.0800
HCP,2024-03-20,27.6800
HCP,2024-03-21,27.1100
HCP,2024-03-22,27.1100
HCP,2024-03-25,26.9300
HCP,2024-03-26,27.0200
HCP,2024-03-27,27.0000
HCP,2024-03-28,26.9500
HCP,2024-04-01,25.8100
HCP,2024-04-02,25.7800
HCP,2024-04-03,25.5200
HCP,2024-04-04,25.6600
HCP,2024-04-05,25.8100
HCP,2024-04-08,26.3000
HCP,2024-04-09,26.9700
HCP,2024-04-10,26.3500
HCP,2024-04-11,26.1000
HCP,2024-04-12,24.5500
HCP,2024-04-15,23.4300
HCP,2024-04-16,23.6600
HCP,2024-04-17,23.5300
HCP,2024-04-18,23.6300
HCP,2024-04-19,23.9700
HCP,2024-04-22,24.5500
HCP,2024-04-23,29.1500
HCP,2024-04-24,31.4100
HCP,2024-04-25,32.8200
HCP,2024-04-26,32.5900
HCP,2024-04-29,32.5900
HCP,2024-04-30,32.4600
HCP,2024-05-01,32.6200
HCP,2024-05-02,32.8200
HCP,2024-05-03,32.8500
HCP,2024-05-06,32.7900
HCP,2024-05-07,32.8000
HCP,2024-05-08,32.8100
HCP,2024-05-09,32.7600
HCP,2024-05-10,32.8000
HCP,2024-05-13,32.9100
HCP,2024-05-14,32.8100
HCP,2024-05-15,32.9100
HCP,2024-05-16,32.9300
HCP,2024-05-17,33.0400
HCP,2024-05-20,33.1400
HCP,2024-05-21,33.3000
HCP,2024-05-22,33.3500
HCP,2024-05-23,33.2700
HCP,2024-05-24,33.3900
HCP,2024-05-28,33.4700
HCP,2024-05-29,33.4700
HCP,2024-05-30,33.5500
HCP,2024-05-31,33.5800
HCP,2024-06-03,33.6900
HCP,2024-06-04,33.7000
HCP,2024-06-05,33.7900
HCP,2024-06-06,33.7500
HCP,2024-06-07,33.7800
HCP,2024-06-10,33.7100
HCP,2024-06-11,33.6200
HCP,2024-06-12,33.9900
HCP,2024-06-13,33.6500
HCP,2024-06-14,33.6300
HCP,2024-06-17,33.6000
HCP,2024-06-18,33.5600
HCP,2024-06-20,33.2800
HCP,2024-06-21,33.4100
HCP,2024-06-24,33.4800
HCP,2024-06-25,33.4400
HCP,2024-06-26,33.4900
HCP,2024-06-27,33.5000
HCP,2024-06-28,33.6900
HCP,2024-07-01,33.6600
HCP,2024-07-02,33.6200
HCP,2024-07-03,33.7500
HCP,2024-07-05,33.7100
HCP,2024-07-08,33.7000
HCP,2024-07-09,33.3700
HCP,2024-07-10,33.3600
HCP,2024-07-11,33.6100
HCP,2024-07-12,33.7300
HCP,2024-07-15,33.4800
HCP,2024-07-16,33.4600
HCP,2024-07-17,33.4500
HCP,2024-07-18,33.4900
HCP,2024-07-19,33.4800
HCP,2024-07-22,33.5200
HCP,2024-07-23,33.5900
HCP,2024-07-24,33.5500
HCP,2024-07-25,33.5500
HCP,2024-07-26,33.5900
HCP,2024-07-29,33.5800
HCP,2024-07-30,33.6600
HCP,2024-07-31,33.7500
HCP,2024-08-01,33.7600
HCP,2024-08-02,33.6700
HCP,2024-08-05,33.5300
HCP,2024-08-06,33.5100
HCP,2024-08-07,33.5000
HCP,2024-08-08,33.6000
HCP,2024-08-09,33.6700
HCP,2024-08-12,33.6500
HCP,2024-08-13,33.7000
HCP,2024-08-14,33.7300
HCP,2024-08-15,33.7500
HCP,2024-08-16,33.7800
HCP,2024-08-19,33.9400
HCP,2024-08-20,33.8400
HCP,2024-08-21,33.9400
HCP,2024-08-22,33.8700
HCP,2024-08-23,33.9000
HCP,2024-08-26,33.8000
HCP,2024-08-27,33.8400
HCP,2024-08-28,33.8000
HCP,2024-08-29,33.8000
HCP,2024-08-30,33.9400
HCP,2024-09-03,33.8400
HCP,2024-09-04,33.8400
HCP,2024-09-05,33.7300
HCP,2024-09-06,33.6500
HCP,2024-09-09,33.8200
HCP,2024-09-10,33.8600
HCP,2024-09-11,33.8400
HCP,2024-09-12,33.7900
HCP,2024-09-13,33.8400
HCP,2024-09-16,33.9900
HCP,2024-09-17,33.9400
HCP,2024-09-18,33.9200
HCP,2024-09-19,33.9400
HCP,2024-09-20,33.8900
HCP,2024-09-23,33.8200
HCP,2024-09-24,33.8300
HCP,2024-09-25,33.8400
HCP,2024-09-26,33.8700
HCP,2024-09-27,33.9000
HCP,2024-09-30,33.8600
HCP,2024-10-01,33.8400
HCP,2024-10-02,33.8600
HCP,2024-10-03,33.8800
HCP,2024-10-04,33.9300
HCP,2024-10-07,33.8700
HCP,2024-10-08,33.9800
HCP,2024-10-09,33.9300
HCP,2024-10-10,33.9700
HCP,2024-10-11,33.9400
HCP,2024-10-14,33.8400
HCP,2024-10-15,33.8600
HCP,2024-10-16,33.7600
HCP,2024-10-17,33.7900
HCP,2024-10-18,33.7400
HCP,2024-10-21,33.8300
HCP,2024-10-22,33.8100
HCP,2024-10-23,33.6900
HCP,2024-10-24,33.6700
HCP,2024-10-25,33.6800
HCP,2024-10-28,33.9000
HCP,2024-10-29,33.9100
HCP,2024-10-30,33.9400
HCP,2024-10-31,33.8600
HCP,2024-11-01,33.9200
HCP,2024-11-04,33.8300
HCP,2024-11-05,33.8500
HCP,2024-11-06,34.0700
HCP,2024-11-07,34.0400
HCP,2024-11-08,34.0600
HCP,2024-11-11,34.0800
HCP,2024-11-12,34.0800
HCP,2024-11-13,34.0000
HCP,2024-11-14,33.9000
HCP,2024-11-15,33.7400
HCP,2024-11-18,33.6000
HCP,2024-11-19,33.6100
HCP,2024-11-20,33.8200
HCP,2024-11-21,33.8500
HCP,2024-11-22,33.9200
HCP,2024-11-25,33.9200
HCP,2024-11-26,33.7700
HCP,2024-11-27,33.5800
HCP,2024-11-29,33.6200
HCP,2024-12-02,33.5900
HCP,2024-12-03,33.5700
HCP,2024-12-04,33.5800
HCP,2024-12-05,33.6300
HCP,2024-12-06,33.7800
HCP,2024-12-09,33.6400
HCP,2024-12-10,33.6200
HCP,2024-12-11,33.7600
HCP,2024-12-12,33.8200
HCP,2024-12-13,33.7800
HCP,2024-12-16,33.8400
HCP,2024-12-17,33.9000
HCP,2024-12-18,34.0800
HCP,2024-12-19,34.2200
HCP,2024-12-20,34.2700
HCP,2024-12-23,34.2400
HCP,2024-12-24,34.2400
HCP,2024-12-26,34.1800
HCP,2024-12-27,34.1900
HCP,2024-12-30,34.2100
HCP,2024-12-31,34.2100
HCP,2025-01-02,34.1700
HCP,2025-01-03,34.3800
HCP,2025-01-06,34.2600
HCP,2025-01-07,34.3200
HCP,2025-01-08,34.3300
HCP,2025-01-10,34.3100
HCP,2025-01-13,34.2800
HCP,2025-01-14,34.3700
HCP,2025-01-15,34.3000
HCP,2025-01-16,34.3100
HCP,2025-01-17,34.3300
HCP,2025-01-21,34.2800
HCP,2025-01-22,34.2800
HCP,2025-01-23,34.2500
HCP,2025-01-24,34.2500
HCP,2025-01-27,34.3100
HCP,2025-01-28,34.2900
HCP,2025-01-29,34.3000
HCP,2025-01-30,34.2500
HCP,2025-01-31,34.2000
HCP,2025-02-03,34.2400
HCP,2025-02-04,34.1900
HCP,2025-02-05,34.1200
HCP,2025-02-06,34.0000
HCP,2025-02-07,33.9900
HCP,2025-02-10,34.2100
HCP,2025-02-11,34.1100
HCP,2025-02-12,34.2200
HCP,2025-02-13,34.3600
HCP,2025-02-14,34.3900
HCP,2025-02-18,34.3700
HCP,2025-02-19,34.4700
HCP,2025-02-20,34.4800
HCP,2025-02-21,34.5000
HCP,2025-02-24,34.4400
HCP,2025-02-25,34.8100
HCP,2025-02-26,34.7800
CFLT,2021-06-25,46.1500
CFLT,2021-06-29,50.0000
CFLT,2021-06-30,47.5000
CFLT,2021-07-01,44.2500
CFLT,2021-07-02,43.5000
CFLT,2021-07-06,43.0000
CFLT,2021-07-08,42.6500
CFLT,2021-07-09,45.8100
CFLT,2021-07-12,45.0600
CFLT,2021-07-13,43.3300
CFLT,2021-07-14,41.5000
CFLT,2021-07-15,40.4800
CFLT,2021-07-16,40.4000
CFLT,2021-07-19,40.1400
CFLT,2021-07-20,40.6300
CFLT,2021-07-21,39.3600
CFLT,2021-07-22,39.3700
CFLT,2021-07-23,40.0400
CFLT,2021-07-26,40.0000
CFLT,2021-07-27,39.0100
CFLT,2021-07-28,39.2300
CFLT,2021-07-29,39.0000
CFLT,2021-07-30,39.1900
CFLT,2021-08-02,41.5400
CFLT,2021-08-03,41.4100
CFLT,2021-08-04,41.5100
CFLT,2021-08-05,40.2500
CFLT,2021-08-06,44.3700
CFLT,2021-08-09,47.2800
CFLT,2021-08-10,50.4900
CFLT,2021-08-11,50.0600
CFLT,2021-08-12,54.1500
CFLT,2021-08-13,54.0000
CFLT,2021-08-16,51.9900
CFLT,2021-08-17,52.4700
CFLT,2021-08-18,52.7300
CFLT,2021-08-19,52.0700
CFLT,2021-08-20,54.0300
CFLT,2021-08-23,55.7800
CFLT,2021-08-24,52.0200
CFLT,2021-08-25,52.9100
CFLT,2021-08-26,57.6800
CFLT,2021-08-27,55.0000
CFLT,2021-08-30,56.1400
CFLT,2021-08-31,55.9100
CFLT,2021-09-01,53.0700
CFLT,2021-09-02,54.4800
CFLT,2021-09-03,59.0100
CFLT,2021-09-07,61.3300
CFLT,2021-09-08,58.7300
CFLT,2021-09-09,64.9000
CFLT,2021-09-10,65.5100
CFLT,2021-09-13,65.1500
CFLT,2021-09-14,63.8700
CFLT,2021-09-15,67.3400
CFLT,2021-09-16,67.7400
CFLT,2021-09-17,69.7600
CFLT,2021-09-20,63.7300
CFLT,2021-09-21,65.6000
CFLT,2021-09-22,69.0400
CFLT,2021-09-23,72.6100
CFLT,2021-09-24,71.1600
CFLT,2021-09-27,70.1700
CFLT,2021-09-28,62.5700
CFLT,2021-09-29,58.7600
CFLT,2021-09-30,59.6500
CFLT,2021-10-01,63.5600
CFLT,2021-10-04,59.0700
CFLT,2021-10-05,59.1400
CFLT,2021-10-06,62.9000
CFLT,2021-10-07,67.1800
CFLT,2021-10-08,64.5900
CFLT,2021-10-11,60.3600
CFLT,2021-10-12,63.7200
CFLT,2021-10-13,66.5000
CFLT,2021-10-14,67.4500
CFLT,2021-10-15,66.9000
CFLT,2021-10-18,65.5300
CFLT,2021-10-19,66.6600
CFLT,2021-10-20,66.6600
CFLT,2021-10-21,68.8300
CFLT,2021-10-22,67.7900
CFLT,2021-10-25,68.4600
CFLT,2021-10-26,65.8900
CFLT,2021-10-27,63.4300
CFLT,2021-10-28,67.1600
CFLT,2021-10-29,67.9500
CFLT,2021-11-01,70.8900
CFLT,2021-11-02,75.9500
CFLT,2021-11-03,76.5500
CFLT,2021-11-04,73.6000
CFLT,2021-11-05,93.6000
CFLT,2021-11-08,88.0000
CFLT,2021-11-09,89.9500
CFLT,2021-11-10,89.6100
CFLT,2021-11-11,88.1300
CFLT,2021-11-12,90.0100
CFLT,2021-11-15,80.0000
CFLT,2021-11-16,81.9300
CFLT,2021-11-17,79.8200
CFLT,2021-11-18,80.1600
CFLT,2021-11-19,79.7500
CFLT,2021-11-22,77.0900
CFLT,2021-11-23,75.6200
CFLT,2021-11-24,79.7900
CFLT,2021-11-26,81.0400
CFLT,2021-11-29,84.4400
CFLT,2021-11-30,78.0200
CFLT,2021-12-01,70.5600
CFLT,2021-12-02,77.0100
CFLT,2021-12-03,72.6800
CFLT,2021-12-06,68.7500
CFLT,2021-12-07,73.0900
CFLT,2021-12-08,69.0100
CFLT,2021-12-09,66.9000
CFLT,2021-12-10,64.4400
CFLT,2021-12-13,63.7700
CFLT,2021-12-14,62.8900
CFLT,2021-12-15,63.8600
CFLT,2021-12-16,59.9800
CFLT,2021-12-17,63.2700
CFLT,2021-12-20,65.1600
CFLT,2021-12-21,68.9500
CFLT,2021-12-22,69.5000
CFLT,2021-12-23,71.7700
CFLT,2021-12-27,76.5900
CFLT,2021-12-28,74.9600
CFLT,2021-12-29,75.0800
CFLT,2021-12-30,77.3600
CFLT,2021-12-31,76.2400
CFLT,2022-01-03,69.9200
CFLT,2022-01-04,64.9700
CFLT,2022-01-05,60.8000
CFLT,2022-01-06,64.9000
CFLT,2022-01-07,67.1100
CFLT,2022-01-10,69.9000
CFLT,2022-01-11,71.9700
CFLT,2022-01-12,73.6500
CFLT,2022-01-13,62.9500
CFLT,2022-01-14,65.0000
CFLT,2022-01-18,61.7500
CFLT,2022-01-19,61.3200
CFLT,2022-01-20,62.0000
CFLT,2022-01-21,59.8900
CFLT,2022-01-24,58.6400
CFLT,2022-01-25,56.7500
CFLT,2022-01-26,56.0000
CFLT,2022-01-27,58.2500
CFLT,2022-01-28,62.8200
CFLT,2022-01-31,65.3900
CFLT,2022-02-01,68.5500
CFLT,2022-02-02,65.7100
CFLT,2022-02-03,63.6600
CFLT,2022-02-04,66.4800
CFLT,2022-02-07,68.9800
CFLT,2022-02-08,72.1400
CFLT,2022-02-09,74.9500
CFLT,2022-02-10,73.1900
CFLT,2022-02-11,57.1800
CFLT,2022-02-14,54.3100
CFLT,2022-02-15,57.5300
CFLT,2022-02-16,57.9500
CFLT,2022-02-17,52.3100
CFLT,2022-02-18,47.0100
CFLT,2022-02-22,43.5200
CFLT,2022-02-23,38.6600
CFLT,2022-02-24,42.5800
CFLT,2022-02-25,41.9100
CFLT,2022-02-28,42.7900
CFLT,2022-03-01,43.2800
CFLT,2022-03-02,43.5400
CFLT,2022-03-03,38.7700
CFLT,2022-03-04,35.6000
CFLT,2022-03-07,32.3300
CFLT,2022-03-08,33.4900
CFLT,2022-03-09,36.2400
CFLT,2022-03-10,34.4300
CFLT,2022-03-11,31.0800
CFLT,2022-03-14,30.0700
CFLT,2022-03-15,30.3800
CFLT,2022-03-16,32.4900
CFLT,2022-03-17,36.6100
CFLT,2022-03-18,37.5800
CFLT,2022-03-21,38.4800
CFLT,2022-03-22,40.8400
CFLT,2022-03-23,41.5600
CFLT,2022-03-24,42.5200
CFLT,2022-03-25,39.6300
CFLT,2022-03-28,42.1100
CFLT,2022-03-29,44.3100
CFLT,2022-03-30,41.4400
CFLT,2022-03-31,41.0000
CFLT,2022-04-01,41.5900
CFLT,2022-04-04,43.6400
CFLT,2022-04-05,42.6900
CFLT,2022-04-06,39.8200
CFLT,2022-04-07,38.9700
CFLT,2022-04-08,38.4200
CFLT,2022-04-11,38.9600
CFLT,2022-04-12,38.2500
CFLT,2022-04-13,40.1100
CFLT,2022-04-14,38.9500
CFLT,2022-04-18,38.3100
CFLT,2022-04-19,39.7800
CFLT,2022-04-20,38.1200
CFLT,2022-04-21,35.8300
CFLT,2022-04-22,34.0600
CFLT,2022-04-25,34.9600
CFLT,2022-04-26,32.3100
CFLT,2022-04-27,32.0000
CFLT,2022-04-28,34.3300
CFLT,2022-04-29,31.2400
CFLT,2022-05-02,31.1500
CFLT,2022-05-03,30.9300
CFLT,2022-05-04,33.4500
CFLT,2022-05-05,28.2500
CFLT,2022-05-06,23.7300
CFLT,2022-05-09,19.9300
CFLT,2022-05-10,19.7200
CFLT,2022-05-11,18.4200
CFLT,2022-05-12,19.3000
CFLT,2022-05-13,21.5400
CFLT,2022-05-16,19.3400
CFLT,2022-05-17,20.0000
CFLT,2022-05-18,17.9300
CFLT,2022-05-19,18.5000
CFLT,2022-05-20,18.9100
CFLT,2022-05-23,19.3600
CFLT,2022-05-24,17.7600
CFLT,2022-05-25,18.7200
CFLT,2022-05-26,19.7400
CFLT,2022-05-27,21.3600
CFLT,2022-05-31,21.1300
CFLT,2022-06-01,20.8200
CFLT,2022-06-02,22.7600
CFLT,2022-06-03,21.6600
CFLT,2022-06-06,22.4000
CFLT,2022-06-07,22.4400
CFLT,2022-06-08,23.0000
CFLT,2022-06-09,22.0700
CFLT,2022-06-10,20.6300
CFLT,2022-06-13,17.9800
CFLT,2022-06-14,18.0700
CFLT,2022-06-15,19.5000
CFLT,2022-06-16,18.6700
CFLT,2022-06-17,20.0900
CFLT,2022-06-21,21.2600
CFLT,2022-06-22,21.6200
CFLT,2022-06-23,23.2200
CFLT,2022-06-24,25.2800
CFLT,2022-06-27,25.2500
CFLT,2022-06-28,23.8400
CFLT,2022-06-29,23.6700
CFLT,2022-06-30,23.2400
CFLT,2022-07-01,24.5400
CFLT,2022-07-05,27.2500
CFLT,2022-07-06,26.9900
CFLT,2022-07-07,28.6500
CFLT,2022-07-08,28.9000
CFLT,2022-07-11,27.3000
CFLT,2022-07-12,25.3100
CFLT,2022-07-13,24.8600
CFLT,2022-07-14,23.4800
CFLT,2022-07-15,24.0200
CFLT,2022-07-18,24.0100
CFLT,2022-07-19,24.0400
CFLT,2022-07-20,27.1600
CFLT,2022-07-21,27.8600
CFLT,2022-07-22,25.6000
CFLT,2022-07-25,24.5200
CFLT,2022-07-26,22.7700
CFLT,2022-07-27,24.7000
CFLT,2022-07-28,25.2700
CFLT,2022-07-29,25.4500
CFLT,2022-08-01,25.9500
CFLT,2022-08-02,26.8400
CFLT,2022-08-03,29.0200
CFLT,2022-08-04,32.3400
CFLT,2022-08-05,33.7300
CFLT,2022-08-08,33.5600
CFLT,2022-08-09,30.8200
CFLT,2022-08-10,32.4500
CFLT,2022-08-11,30.9500
CFLT,2022-08-12,33.3000
CFLT,2022-08-15,33.0400
CFLT,2022-08-16,31.7800
CFLT,2022-08-17,30.6000
CFLT,2022-08-18,30.8600
CFLT,2022-08-19,28.9400
CFLT,2022-08-22,27.6000
CFLT,2022-08-23,27.7500
CFLT,2022-08-24,28.8700
CFLT,2022-08-25,30.1400
CFLT,2022-08-26,28.3500
CFLT,2022-08-29,27.2400
CFLT,2022-08-30,27.4500
CFLT,2022-08-31,27.3600
CFLT,2022-09-01,25.7500
CFLT,2022-09-02,24.7200
CFLT,2022-09-06,24.6700
CFLT,2022-09-07,25.6700
CFLT,2022-09-08,26.6600
CFLT,2022-09-09,27.3600
CFLT,2022-09-12,29.0700
CFLT,2022-09-13,26.5800
CFLT,2022-09-14,27.4300
CFLT,2022-09-15,26.5000
CFLT,2022-09-16,25.2200
CFLT,2022-09-19,25.0200
CFLT,2022-09-20,23.7500
CFLT,2022-09-21,24.2400
CFLT,2022-09-22,22.8100
CFLT,2022-09-23,21.9000
CFLT,2022-09-26,21.8600
CFLT,2022-09-27,22.7400
CFLT,2022-09-28,23.8000
CFLT,2022-09-29,23.2500
CFLT,2022-09-30,23.7700
CFLT,2022-10-03,24.7300
CFLT,2022-10-04,26.9100
CFLT,2022-10-05,27.7900
CFLT,2022-10-06,27.6000
CFLT,2022-10-07,24.8300
CFLT,2022-10-10,23.4800
CFLT,2022-10-11,22.8900
CFLT,2022-10-12,23.2100
CFLT,2022-10-13,23.8600
CFLT,2022-10-14,22.2900
CFLT,2022-10-17,24.2600
CFLT,2022-10-18,24.7800
CFLT,2022-10-19,23.4400
CFLT,2022-10-20,24.2900
CFLT,2022-10-21,25.3500
CFLT,2022-10-24,26.0600
CFLT,2022-10-25,28.0000
CFLT,2022-10-26,26.4800
CFLT,2022-10-27,27.1300
CFLT,2022-10-28,26.8300
CFLT,2022-10-31,26.8800
CFLT,2022-11-01,25.7400
CFLT,2022-11-02,22.4000
CFLT,2022-11-03,22.6100
CFLT,2022-11-04,20.4800
CFLT,2022-11-07,20.6400
CFLT,2022-11-08,20.4500
CFLT,2022-11-09,19.0600
CFLT,2022-11-10,21.2200
CFLT,2022-11-11,24.3800
CFLT,2022-11-14,23.0000
CFLT,2022-11-15,24.0300
CFLT,2022-11-16,22.4900
CFLT,2022-11-17,21.4600
CFLT,2022-11-18,20.8800
CFLT,2022-11-21,20.5200
CFLT,2022-11-22,20.6400
CFLT,2022-11-23,23.1800
CFLT,2022-11-25,22.6200
CFLT,2022-11-28,21.9900
CFLT,2022-11-29,21.4500
CFLT,2022-11-30,23.0300
CFLT,2022-12-01,22.7100
CFLT,2022-12-02,22.6200
CFLT,2022-12-05,20.3800
CFLT,2022-12-06,21.1100
CFLT,2022-12-07,20.9300
CFLT,2022-12-08,21.8200
CFLT,2022-12-09,21.6800
CFLT,2022-12-12,23.4600
CFLT,2022-12-13,23.7100
CFLT,2022-12-14,23.7800
CFLT,2022-12-15,22.9500
CFLT,2022-12-16,23.0100
CFLT,2022-12-19,21.8000
CFLT,2022-12-20,22.6600
CFLT,2022-12-21,23.2100
CFLT,2022-12-22,22.1600
CFLT,2022-12-23,21.9900
CFLT,2022-12-27,20.9900
CFLT,2022-12-28,20.9300
CFLT,2022-12-29,22.0000
CFLT,2022-12-30,22.2400
CFLT,2023-01-03,21.3300
CFLT,2023-01-04,20.5000
CFLT,2023-01-05,17.9200
CFLT,2023-01-06,18.1900
CFLT,2023-01-09,19.3800
CFLT,2023-01-10,20.5300
CFLT,2023-01-11,20.8400
CFLT,2023-01-12,20.1900
CFLT,2023-01-13,20.4100
CFLT,2023-01-17,21.3800
CFLT,2023-01-18,21.2400
CFLT,2023-01-19,20.2000
CFLT,2023-01-20,21.4500
CFLT,2023-01-23,23.3800
CFLT,2023-01-24,23.2000
CFLT,2023-01-25,22.9100
CFLT,2023-01-26,22.2600
CFLT,2023-01-27,23.4900
CFLT,2023-01-30,23.0300
CFLT,2023-01-31,23.1000
CFLT,2023-02-01,24.6900
CFLT,2023-02-02,27.0800
CFLT,2023-02-03,25.3600
CFLT,2023-02-06,24.6400
CFLT,2023-02-07,25.6700
CFLT,2023-02-08,26.0200
CFLT,2023-02-09,25.4800
CFLT,2023-02-10,25.2000
CFLT,2023-02-13,26.8000
CFLT,2023-02-14,28.2700
CFLT,2023-02-15,29.2900
CFLT,2023-02-16,26.7600
CFLT,2023-02-17,25.3600
CFLT,2023-02-21,24.4400
CFLT,2023-02-22,24.5300
CFLT,2023-02-23,24.6800
CFLT,2023-02-24,24.2200
CFLT,2023-02-27,24.0700
CFLT,2023-02-28,24.3900
CFLT,2023-03-01,23.6100
CFLT,2023-03-02,23.9100
CFLT,2023-03-03,25.8600
CFLT,2023-03-06,25.8100
CFLT,2023-03-07,25.3800
CFLT,2023-03-08,25.0200
CFLT,2023-03-09,23.1100
CFLT,2023-03-10,21.7900
CFLT,2023-03-13,22.1600
CFLT,2023-03-14,22.6000
CFLT,2023-03-15,22.1400
CFLT,2023-03-16,22.9400
CFLT,2023-03-17,21.8800
CFLT,2023-03-20,21.6100
CFLT,2023-03-21,23.1500
CFLT,2023-03-22,21.5600
CFLT,2023-03-23,22.0000
CFLT,2023-03-24,20.8000
CFLT,2023-03-27,20.8200
CFLT,2023-03-28,20.9700
CFLT,2023-03-29,21.8900
CFLT,2023-03-30,22.7200
CFLT,2023-03-31,24.0700
CFLT,2023-04-03,23.2200
CFLT,2023-04-04,22.8900
CFLT,2023-04-05,22.0700
CFLT,2023-04-06,23.2000
CFLT,2023-04-10,23.4400
CFLT,2023-04-11,23.3700
CFLT,2023-04-12,24.3800
CFLT,2023-04-13,25.1200
CFLT,2023-04-14,24.8500
CFLT,2023-04-17,24.2900
CFLT,2023-04-18,24.7100
CFLT,2023-04-19,25.0000
CFLT,2023-04-20,23.6300
CFLT,2023-04-21,24.5300
CFLT,2023-04-24,22.7000
CFLT,2023-04-25,21.2300
CFLT,2023-04-26,22.8200
CFLT,2023-04-27,23.0200
CFLT,2023-04-28,22.0000
CFLT,2023-05-01,21.6100
CFLT,2023-05-02,20.5000
CFLT,2023-05-03,19.9600
CFLT,2023-05-04,23.2000
CFLT,2023-05-05,22.6600
CFLT,2023-05-08,22.6800
CFLT,2023-05-09,22.4500
CFLT,2023-05-10,23.1600
CFLT,2023-05-11,23.6000
CFLT,2023-05-12,22.8200
CFLT,2023-05-15,24.0300
CFLT,2023-05-16,24.3500
CFLT,2023-05-17,26.7900
CFLT,2023-05-18,27.3800
CFLT,2023-05-19,27.3800
CFLT,2023-05-22,28.4700
CFLT,2023-05-23,28.8800
CFLT,2023-05-24,28.8600
CFLT,2023-05-25,27.9900
CFLT,2023-05-26,28.7100
CFLT,2023-05-30,30.8400
CFLT,2023-05-31,31.7400
CFLT,2023-06-01,32.4100
CFLT,2023-06-02,34.5600
CFLT,2023-06-05,35.4400
CFLT,2023-06-06,36.9300
CFLT,2023-06-07,34.4300
CFLT,2023-06-08,34.7700
CFLT,2023-06-09,36.3800
CFLT,2023-06-12,36.7800
CFLT,2023-06-13,37.1400
CFLT,2023-06-14,34.5700
CFLT,2023-06-15,34.4900
CFLT,2023-06-16,34.6900
CFLT,2023-06-20,33.7200
CFLT,2023-06-21,34.7200
CFLT,2023-06-22,34.4600
CFLT,2023-06-23,33.1300
CFLT,2023-06-26,32.7300
CFLT,2023-06-27,33.7300
CFLT,2023-06-28,35.5400
CFLT,2023-06-29,34.3400
CFLT,2023-06-30,35.3100
CFLT,2023-07-03,34.2400
CFLT,2023-07-05,34.2500
CFLT,2023-07-06,33.7600
CFLT,2023-07-07,33.7800
CFLT,2023-07-10,35.0300
CFLT,2023-07-11,35.9800
CFLT,2023-07-12,35.8200
CFLT,2023-07-13,36.9600
CFLT,2023-07-14,36.4700
CFLT,2023-07-17,37.3800
CFLT,2023-07-18,37.8000
CFLT,2023-07-19,39.2700
CFLT,2023-07-20,37.3300
CFLT,2023-07-21,36.9900
CFLT,2023-07-24,36.0500
CFLT,2023-07-25,36.8200
CFLT,2023-07-26,34.7600
CFLT,2023-07-27,34.0600
CFLT,2023-07-28,34.4500
CFLT,2023-07-31,34.5400
CFLT,2023-08-01,33.2000
CFLT,2023-08-02,31.0200
CFLT,2023-08-03,36.0600
CFLT,2023-08-04,34.8900
CFLT,2023-08-07,34.4800
CFLT,2023-08-08,34.6000
CFLT,2023-08-09,33.7600
CFLT,2023-08-10,33.7800
CFLT,2023-08-11,34.0000
CFLT,2023-08-14,33.4400
CFLT,2023-08-15,33.1600
CFLT,2023-08-16,32.8500
CFLT,2023-08-17,31.9600
CFLT,2023-08-18,32.1500
CFLT,2023-08-21,32.4900
CFLT,2023-08-22,32.4200
CFLT,2023-08-23,33.8800
CFLT,2023-08-24,32.3800
CFLT,2023-08-25,32.4200
CFLT,2023-08-28,31.8300
CFLT,2023-08-29,32.5900
CFLT,2023-08-30,32.6700
CFLT,2023-08-31,33.0900
CFLT,2023-09-01,33.2500
CFLT,2023-09-05,33.7400
CFLT,2023-09-06,33.3400
CFLT,2023-09-07,32.5900
CFLT,2023-09-08,32.3000
CFLT,2023-09-11,34.3000
CFLT,2023-09-12,33.5600
CFLT,2023-09-13,33.5500
CFLT,2023-09-14,33.5000
CFLT,2023-09-15,32.1800
CFLT,2023-09-18,32.6800
CFLT,2023-09-19,31.7900
CFLT,2023-09-20,30.9500
CFLT,2023-09-21,29.4100
CFLT,2023-09-22,29.4100
CFLT,2023-09-25,29.6200
CFLT,2023-09-26,28.4100
CFLT,2023-09-27,29.2500
CFLT,2023-09-28,28.9000
CFLT,2023-09-29,29.6100
CFLT,2023-10-02,29.6300
CFLT,2023-10-03,28.2900
CFLT,2023-10-04,28.8800
CFLT,2023-10-05,28.2600
CFLT,2023-10-06,29.7600
CFLT,2023-10-09,30.3600
CFLT,2023-10-10,31.3700
CFLT,2023-10-11,31.5000
CFLT,2023-10-12,30.8900
CFLT,2023-10-13,29.3200
CFLT,2023-10-16,30.3600
CFLT,2023-10-17,30.5300
CFLT,2023-10-18,29.7000
CFLT,2023-10-19,29.8200
CFLT,2023-10-20,28.6200
CFLT,2023-10-23,28.1400
CFLT,2023-10-24,29.2000
CFLT,2023-10-25,26.6200
CFLT,2023-10-26,26.9800
CFLT,2023-10-27,27.2200
CFLT,2023-10-30,27.5600
CFLT,2023-10-31,28.9100
CFLT,2023-11-01,28.1300
CFLT,2023-11-02,16.2800
CFLT,2023-11-03,17.7500
CFLT,2023-11-06,17.6400
CFLT,2023-11-07,18.0400
CFLT,2023-11-08,17.8000
CFLT,2023-11-09,16.8900
CFLT,2023-11-10,17.6800
CFLT,2023-11-13,17.9600
CFLT,2023-11-14,19.6800
CFLT,2023-11-15,19.9100
CFLT,2023-11-16,18.9700
CFLT,2023-11-17,19.0100
CFLT,2023-11-20,19.3800
CFLT,2023-11-21,18.9800
CFLT,2023-11-22,19.1900
CFLT,2023-11-24,19.2000
CFLT,2023-11-27,18.7100
CFLT,2023-11-28,20.5000
CFLT,2023-11-29,21.2200
CFLT,2023-11-30,21.2200
CFLT,2023-12-01,22.8300
CFLT,2023-12-04,24.0700
CFLT,2023-12-05,23.3400
CFLT,2023-12-06,23.2100
CFLT,2023-12-07,23.0400
CFLT,2023-12-08,22.6800
CFLT,2023-12-11,22.6300
CFLT,2023-12-12,22.4100
CFLT,2023-12-13,23.8300
CFLT,2023-12-14,25.7200
CFLT,2023-12-15,24.9700
CFLT,2023-12-18,24.6300
CFLT,2023-12-19,24.8200
CFLT,2023-12-20,23.6100
CFLT,2023-12-21,24.3000
CFLT,2023-12-22,24.2700
CFLT,2023-12-26,24.2100
CFLT,2023-12-27,24.0800
CFLT,2023-12-28,24.2300
CFLT,2023-12-29,23.4000
CFLT,2024-01-02,22.7200
CFLT,2024-01-03,21.7400
CFLT,2024-01-04,21.7100
CFLT,2024-01-05,22.2500
CFLT,2024-01-08,22.5900
CFLT,2024-01-09,22.5800
CFLT,2024-01-10,22.6700
CFLT,2024-01-11,22.4600
CFLT,2024-01-12,22.3100
CFLT,2024-01-16,22.5900
CFLT,2024-01-17,22.2200
CFLT,2024-01-18,21.5100
CFLT,2024-01-19,21.9900
CFLT,2024-01-22,22.4000
CFLT,2024-01-23,22.3100
CFLT,2024-01-24,22.2700
CFLT,2024-01-25,22.5300
CFLT,2024-01-26,22.4600
CFLT,2024-01-29,23.7300
CFLT,2024-01-30,23.0100
CFLT,2024-01-31,22.3600
CFLT,2024-02-01,22.7700
CFLT,2024-02-02,24.1300
CFLT,2024-02-05,23.7500
CFLT,2024-02-06,23.4800
CFLT,2024-02-07,24.2900
CFLT,2024-02-08,32.5700
CFLT,2024-02-09,31.7200
CFLT,2024-02-12,31.5200
CFLT,2024-02-13,31.8500
CFLT,2024-02-14,33.8900
CFLT,2024-02-15,33.7000
CFLT,2024-02-16,33.9600
CFLT,2024-02-20,32.7200
CFLT,2024-02-21,32.5800
CFLT,2024-02-22,33.8400
CFLT,2024-02-23,33.1800
CFLT,2024-02-26,33.2400
CFLT,2024-02-27,33.5700
CFLT,2024-02-28,32.8300
CFLT,2024-02-29,33.8700
CFLT,2024-03-01,34.3000
CFLT,2024-03-04,34.5300
CFLT,2024-03-05,32.4500
CFLT,2024-03-06,33.7600
CFLT,2024-03-07,33.2800
CFLT,2024-03-08,32.5700
CFLT,2024-03-11,31.6000
CFLT,2024-03-12,31.9400
CFLT,2024-03-13,31.6400
CFLT,2024-03-14,31.0800
CFLT,2024-03-15,30.8100
CFLT,2024-03-18,31.5300
CFLT,2024-03-19,31.3000
CFLT,2024-03-20,32.0000
CFLT,2024-03-21,31.8000
CFLT,2024-03-22,30.9600
CFLT,2024-03-25,30.7200
CFLT,2024-03-26,31.0000
CFLT,2024-03-27,30.2100
CFLT,2024-03-28,30.5200
CFLT,2024-04-01,29.8400
CFLT,2024-04-02,29.3200
CFLT,2024-04-03,29.5600
CFLT,2024-04-04,29.2700
CFLT,2024-04-05,29.3200
CFLT,2024-04-08,30.0900
CFLT,2024-04-09,30.0000
CFLT,2024-04-10,29.6000
CFLT,2024-04-11,29.8200
CFLT,2024-04-12,28.5600
CFLT,2024-04-15,28.4100
CFLT,2024-04-16,28.5500
CFLT,2024-04-17,27.6600
CFLT,2024-04-18,27.4100
CFLT,2024-04-19,26.8900
CFLT,2024-04-22,27.3500
CFLT,2024-04-23,28.5300
CFLT,2024-04-24,28.8800
CFLT,2024-04-25,28.8900
CFLT,2024-04-26,29.7500
CFLT,2024-04-29,28.8600
CFLT,2024-04-30,28.1200
CFLT,2024-05-01,28.2100
CFLT,2024-05-02,28.1700
CFLT,2024-05-03,28.6100
CFLT,2024-05-06,28.6300
CFLT,2024-05-07,27.8300
CFLT,2024-05-08,31.3800
CFLT,2024-05-09,31.0300
CFLT,2024-05-10,29.4200
CFLT,2024-05-13,29.9600
CFLT,2024-05-14,30.6700
CFLT,2024-05-15,31.8700
CFLT,2024-05-16,31.5300
CFLT,2024-05-17,32.2300
CFLT,2024-05-20,32.0200
CFLT,2024-05-21,31.5400
CFLT,2024-05-22,31.9600
CFLT,2024-05-23,31.0000
CFLT,2024-05-24,30.1500
CFLT,2024-05-28,29.8300
CFLT,2024-05-29,30.2500
CFLT,2024-05-30,27.5600
CFLT,2024-05-31,25.9700
CFLT,2024-06-03,25.8200
CFLT,2024-06-04,25.7000
CFLT,2024-06-05,26.3600
CFLT,2024-06-06,25.9400
CFLT,2024-06-07,25.7800
CFLT,2024-06-10,26.0700
CFLT,2024-06-11,25.8600
CFLT,2024-06-12,27.9300
CFLT,2024-06-13,27.8500
CFLT,2024-06-14,27.7700
CFLT,2024-06-17,27.7900
CFLT,2024-06-18,27.8500
CFLT,2024-06-20,26.9200
CFLT,2024-06-21,27.0700
CFLT,2024-06-24,27.3400
CFLT,2024-06-25,27.1200
CFLT,2024-06-26,27.5500
CFLT,2024-06-27,29.6000
CFLT,2024-06-28,29.5300
CFLT,2024-07-01,28.5400
CFLT,2024-07-02,29.0900
CFLT,2024-07-03,28.5800
CFLT,2024-07-05,29.3100
CFLT,2024-07-08,29.2000
CFLT,2024-07-09,27.8700
CFLT,2024-07-10,25.7900
CFLT,2024-07-11,25.0400
CFLT,2024-07-12,26.1400
CFLT,2024-07-15,26.5600
CFLT,2024-07-16,26.1000
CFLT,2024-07-17,26.0600
CFLT,2024-07-18,24.5100
CFLT,2024-07-19,24.3700
CFLT,2024-07-22,25.1100
CFLT,2024-07-23,25.3800
CFLT,2024-07-24,24.3700
CFLT,2024-07-25,24.9700
CFLT,2024-07-26,25.0600
CFLT,2024-07-29,24.5800
CFLT,2024-07-30,24.2900
CFLT,2024-07-31,25.0200
CFLT,2024-08-01,20.6300
CFLT,2024-08-02,19.2800
CFLT,2024-08-05,18.6700
CFLT,2024-08-06,18.7500
CFLT,2024-08-07,18.9900
CFLT,2024-08-08,19.9200
CFLT,2024-08-09,20.3200
CFLT,2024-08-12,20.1800
CFLT,2024-08-13,21.3100
CFLT,2024-08-14,21.1000
CFLT,2024-08-15,21.9600
CFLT,2024-08-16,21.9900
CFLT,2024-08-19,22.1600
CFLT,2024-08-20,21.6100
CFLT,2024-08-21,22.1000
CFLT,2024-08-22,21.2700
CFLT,2024-08-23,21.3600
CFLT,2024-08-26,21.4400
CFLT,2024-08-27,21.0700
CFLT,2024-08-28,20.4200
CFLT,2024-08-29,20.9000
CFLT,2024-08-30,21.2200
CFLT,2024-09-03,20.3700
CFLT,2024-09-04,19.7900
CFLT,2024-09-05,20.2700
CFLT,2024-09-06,19.6000
CFLT,2024-09-09,19.9500
CFLT,2024-09-10,19.4000
CFLT,2024-09-11,19.4900
CFLT,2024-09-12,19.3900
CFLT,2024-09-13,20.1200
CFLT,2024-09-16,20.7500
CFLT,2024-09-17,20.8000
CFLT,2024-09-18,20.3200
CFLT,2024-09-19,20.6600
CFLT,2024-09-20,20.3600
CFLT,2024-09-23,19.6900
CFLT,2024-09-24,19.8100
CFLT,2024-09-25,19.7700
CFLT,2024-09-26,19.6900
CFLT,2024-09-27,19.7000
CFLT,2024-09-30,20.3800
CFLT,2024-10-01,18.9000
CFLT,2024-10-02,19.1200
CFLT,2024-10-03,18.9400
CFLT,2024-10-04,20.5700
CFLT,2024-10-07,19.9700
CFLT,2024-10-08,19.8900
CFLT,2024-10-09,20.8500
CFLT,2024-10-10,22.3400
CFLT,2024-10-11,22.2300
CFLT,2024-10-14,22.3600
CFLT,2024-10-15,22.2800
CFLT,2024-10-16,22.1500
CFLT,2024-10-17,22.3200
CFLT,2024-10-18,22.4500
CFLT,2024-10-21,22.1700
CFLT,2024-10-22,21.9800
CFLT,2024-10-23,21.2800
CFLT,2024-10-24,21.8000
CFLT,2024-10-25,22.5300
CFLT,2024-10-28,22.6000
CFLT,2024-10-29,23.0300
CFLT,2024-10-30,23.0700
CFLT,2024-10-31,26.1700
CFLT,2024-11-01,26.2200
CFLT,2024-11-04,26.6300
CFLT,2024-11-05,26.4300
CFLT,2024-11-06,27.1300
CFLT,2024-11-07,27.5600
CFLT,2024-11-08,26.5000
CFLT,2024-11-11,27.3700
CFLT,2024-11-12,27.7000
CFLT,2024-11-13,29.0000
CFLT,2024-11-14,28.5300
CFLT,2024-11-15,27.0700
CFLT,2024-11-18,27.5100
CFLT,2024-11-19,28.2900
CFLT,2024-11-20,28.5700
CFLT,2024-11-21,30.6100
CFLT,2024-11-22,31.5200
CFLT,2024-11-25,32.2300
CFLT,2024-11-26,31.2900
CFLT,2024-11-27,30.5700
CFLT,2024-11-29,30.8400
CFLT,2024-12-02,31.0000
CFLT,2024-12-03,31.5300
CFLT,2024-12-04,33.0800
CFLT,2024-12-05,33.2900
CFLT,2024-12-06,33.6600
CFLT,2024-12-09,32.4400
CFLT,2024-12-10,31.2800
CFLT,2024-12-11,31.2000
CFLT,2024-12-12,31.3200
CFLT,2024-12-13,30.4900
CFLT,2024-12-16,31.4700
CFLT,2024-12-17,31.3400
CFLT,2024-12-18,29.4600
CFLT,2024-12-19,28.4900
CFLT,2024-12-20,29.9800
CFLT,2024-12-23,29.9500
CFLT,2024-12-24,30.0100
CFLT,2024-12-26,30.0400
CFLT,2024-12-27,28.8900
CFLT,2024-12-30,28.2300
CFLT,2024-12-31,27.9600
CFLT,2025-01-02,28.2500
CFLT,2025-01-03,29.2600
CFLT,2025-01-06,29.8300
CFLT,2025-01-07,28.8000
CFLT,2025-01-08,28.6600
CFLT,2025-01-10,27.6400
CFLT,2025-01-13,26.9500
CFLT,2025-01-14,27.2100
CFLT,2025-01-15,27.8100
CFLT,2025-01-16,26.7400
CFLT,2025-01-17,26.7000
CFLT,2025-01-21,27.5100
CFLT,2025-01-22,27.9400
CFLT,2025-01-23,28.3100
CFLT,2025-01-24,28.7400
CFLT,2025-01-27,28.9300
CFLT,2025-01-28,31.1600
CFLT,2025-01-29,30.1000
CFLT,2025-01-30,29.5000
CFLT,2025-01-31,29.6800
CFLT,2025-02-03,28.9600
CFLT,2025-02-04,29.1700
CFLT,2025-02-05,29.3700
CFLT,2025-02-06,29.8900
CFLT,2025-02-07,30.0200
CFLT,2025-02-10,31.4600
CFLT,2025-02-11,30.1000
CFLT,2025-02-12,37.6500
CFLT,2025-02-13,36.2300
CFLT,2025-02-14,34.8500
CFLT,2025-02-18,34.9400
CFLT,2025-02-19,33.2300
CFLT,2025-02-20,32.5400
CFLT,2025-02-21,31.0100
CFLT,2025-02-24,31.0900
CFLT,2025-02-25,30.4400
CFLT,2025-02-26,30.7900
CFLT,2025-02-27,31.6900
CFLT,2025-02-28,31.7400
CFLT,2025-03-03,29.7700
CFLT,2025-03-04,29.8200
CFLT,2025-03-05,32.2000
CFLT,2025-03-06,28.6500
CFLT,2025-03-07,26.6100
CFLT,2025-03-10,24.4000
CFLT,2025-03-11,25.5000
CFLT,2025-03-12,26.1300
CFLT,2025-03-13,25.8000
CFLT,2025-03-14,26.3600
CFLT,2025-03-17,27.2000
CFLT,2025-03-18,26.3600
CFLT,2025-03-19,27.2500
CFLT,2025-03-20,26.6200
CFLT,2025-03-21,26.5000
CFLT,2025-03-24,27.3000
CFLT,2025-03-25,26.8900
CFLT,2025-03-26,25.9600
CFLT,2025-03-27,25.5700
CFLT,2025-03-28,24.3300
CFLT,2025-03-31,23.4400
CFLT,2025-04-01,23.5600
CFLT,2025-04-02,24.1100
CFLT,2025-04-03,21.2000
CFLT,2025-04-04,20.1700
CFLT,2025-04-07,20.3900
CFLT,2025-04-08,19.6800
CFLT,2025-04-09,22.8600
CFLT,2025-04-10,21.2200
CFLT,2025-04-11,21.5100
CFLT,2025-04-14,21.5000
CFLT,2025-04-15,21.6500
CFLT,2025-04-16,21.5100
CFLT,2025-04-17,21.1500
CFLT,2025-04-21,20.4000
CFLT,2025-04-22,20.6400
CFLT,2025-04-23,21.7700
CFLT,2025-04-24,23.2600
CFLT,2025-04-25,24.1300
CFLT,2025-04-28,24.0900
CFLT,2025-04-29,24.0600
CFLT,2025-04-30,23.8100
CFLT,2025-05-01,19.4400
CFLT,2025-05-02,19.8200
CFLT,2025-05-05,19.7500
CFLT,2025-05-06,19.7300
CFLT,2025-05-07,20.4300
CFLT,2025-05-08,20.9800
CFLT,2025-05-09,20.6500
CFLT,2025-05-12,22.3400
CFLT,2025-05-13,23.1200
CFLT,2025-05-14,23.5000
CFLT,2025-05-15,22.7200
CFLT,2025-05-16,22.5400
CFLT,2025-05-19,21.8900
CFLT,2025-05-20,21.8400
CFLT,2025-05-21,21.0500
CFLT,2025-05-22,21.8900
CFLT,2025-05-23,21.8400
CFLT,2025-05-27,22.7500
CFLT,2025-05-28,22.6400
CFLT,2025-05-29,23.0800
CFLT,2025-05-30,23.0300
CFLT,2025-06-02,23.0600
CFLT,2025-06-03,23.4100
CFLT,2025-06-04,23.7400
CFLT,2025-06-05,24.1800
CFLT,2025-06-06,24.3600
CFLT,2025-06-09,24.3900
CFLT,2025-06-10,24.1000
CFLT,2025-06-11,24.0900
CFLT,2025-06-12,24.4100
CFLT,2025-06-13,23.6500
CFLT,2025-06-16,23.6700
CFLT,2025-06-17,23.9900
CFLT,2025-06-18,23.9300
CFLT,2025-06-20,23.2900
CFLT,2025-06-23,23.2600
CFLT,2025-06-24,24.0000
CFLT,2025-06-25,23.8900
CFLT,2025-06-26,24.8500
CFLT,2025-06-27,24.4700
CFLT,2025-06-30,24.9300
CFLT,2025-07-01,24.9500
CFLT,2025-07-02,25.6000
CFLT,2025-07-03,26.3000
CFLT,2025-07-07,25.8200
CFLT,2025-07-08,25.4700
CFLT,2025-07-09,25.5600
CFLT,2025-07-10,24.5000
CFLT,2025-07-11,24.1600
CFLT,2025-07-14,23.9700
CFLT,2025-07-15,24.3600
CFLT,2025-07-16,24.9200
CFLT,2025-07-17,25.4300
CFLT,2025-07-18,25.3800
CFLT,2025-07-21,25.4900
CFLT,2025-07-22,26.0100
CFLT,2025-07-23,26.3500
CFLT,2025-07-24,26.6000
CFLT,2025-07-25,27.3500
CFLT,2025-07-28,27.0000
CFLT,2025-07-29,26.9700
CFLT,2025-07-30,26.4000
CFLT,2025-07-31,17.7300
CFLT,2025-08-01,17.2000
CFLT,2025-08-04,17.1200
CFLT,2025-08-05,17.1500
CFLT,2025-08-06,17.2400
CFLT,2025-08-07,16.9300
CFLT,2025-08-08,16.3300
CFLT,2025-08-11,15.9100
CFLT,2025-08-12,16.5600
CFLT,2025-08-13,17.2900
CFLT,2025-08-14,17.8500
CFLT,2025-08-15,17.7900
CFLT,2025-08-18,17.8700
CFLT,2025-08-19,17.3800
CFLT,2025-08-20,17.1200
CFLT,2025-08-21,17.2800
CFLT,2025-08-22,17.7900
CFLT,2025-08-25,17.8000
CFLT,2025-08-26,17.7600
CFLT,2025-08-27,18.8500
CFLT,2025-08-28,20.0500
CFLT,2025-08-29,19.8600
CFLT,2025-09-02,19.1800
CFLT,2025-09-03,19.2300
CFLT,2025-09-04,18.5500
CFLT,2025-09-05,19.3400
CFLT,2025-09-08,20.2400
CFLT,2025-09-09,19.9600
CFLT,2025-09-10,20.0100
CFLT,2025-09-11,19.4500
CFLT,2025-09-12,19.2400
CFLT,2025-09-15,19.7500
CFLT,2025-09-16,19.5300
CFLT,2025-09-17,19.5800
CFLT,2025-09-18,20.1900
CFLT,2025-09-19,20.0500
CFLT,2025-09-22,20.2200
CFLT,2025-09-23,19.8800
CFLT,2025-09-24,19.7400
CFLT,2025-09-25,19.2500
CFLT,2025-09-26,19.7900
CFLT,2025-09-29,20.1100
CFLT,2025-09-30,19.8000
CFLT,2025-10-01,19.7200
CFLT,2025-10-02,20.5200
CFLT,2025-10-03,20.3000
CFLT,2025-10-06,21.2600
CFLT,2025-10-07,20.7300
CFLT,2025-10-08,22.3000
CFLT,2025-10-09,24.0800
CFLT,2025-10-10,22.7400
CFLT,2025-10-13,23.1800
CFLT,2025-10-14,22.7900
CFLT,2025-10-15,22.7600
CFLT,2025-10-16,22.5300
CFLT,2025-10-17,22.4300
CFLT,2025-10-20,22.5600
CFLT,2025-10-21,22.7500
CFLT,2025-10-22,22.5800
CFLT,2025-10-23,22.8700
CFLT,2025-10-24,22.8000
CFLT,2025-10-27,22.0800
CFLT,2025-10-28,23.7500
CFLT,2025-10-29,23.6500
CFLT,2025-10-30,23.5200
CFLT,2025-10-31,23.3700
CFLT,2025-11-03,23.4400
CFLT,2025-11-04,22.6700
CFLT,2025-11-05,22.5400
CFLT,2025-11-06,22.6100
CFLT,2025-11-07,22.6800
CFLT,2025-11-10,23.5300
CFLT,2025-11-11,24.4500
CFLT,2025-11-12,24.3600
CFLT,2025-11-13,23.4000
CFLT,2025-11-14,23.3000
CFLT,2025-11-17,22.6600
CFLT,2025-11-18,22.6600
CFLT,2025-11-19,22.6300
CFLT,2025-11-20,21.5200
CFLT,2025-11-21,20.7300
CFLT,2025-11-24,21.0600
CFLT,2025-11-25,21.8300
CFLT,2025-11-26,21.8300
CFLT,2025-11-28,22.2500
CFLT,2025-12-01,21.8700
CFLT,2025-12-02,23.0600
CFLT,2025-12-03,23.6500
CFLT,2025-12-04,23.3500
CFLT,2025-12-05,23.1400
CFLT,2025-12-08,29.8700
CFLT,2025-12-09,29.9000
CFLT,2025-12-10,30.0000
CFLT,2025-12-11,30.1400
CFLT,2025-12-12,30.0500
CFLT,2025-12-15,30.0700
CFLT,2025-12-16,29.9600
CFLT,2025-12-17,30.0000
CFLT,2025-12-18,29.9500
CFLT,2025-12-19,29.9600
CFLT,2025-12-22,29.9500
CFLT,2025-12-23,30.0500
CFLT,2025-12-24,30.1400
CFLT,2025-12-26,30.1100
CFLT,2025-12-29,30.1000
CFLT,2025-12-30,30.1300
CFLT,2025-12-31,30.2400
CFLT,2026-01-02,30.1100
CFLT,2026-01-05,30.1500
CFLT,2026-01-06,30.1800
CFLT,2026-01-07,30.1800
CFLT,2026-01-08,30.4200
CFLT,2026-01-09,30.3600
CFLT,2026-01-12,30.4300
CFLT,2026-01-13,30.4200
CFLT,2026-01-14,30.5700
CFLT,2026-01-15,30.5300
CFLT,2026-01-16,30.5300
CFLT,2026-01-20,30.4400
CFLT,2026-01-21,30.5000
CFLT,2026-01-22,30.5300
CFLT,2026-01-23,30.5500
CFLT,2026-01-26,30.5300
CFLT,2026-01-27,30.5400
CFLT,2026-01-28,30.5300
CFLT,2026-01-29,30.5700
CFLT,2026-01-30,30.5400
CFLT,2026-02-02,30.5400
CFLT,2026-02-03,30.4500
CFLT,2026-02-04,30.3300
CFLT,2026-02-05,30.3600
CFLT,2026-02-06,30.5700
CFLT,2026-02-09,30.5800
CFLT,2026-02-10,30.5900
CFLT,2026-02-11,30.5100
CFLT,2026-02-12,30.5200
CFLT,2026-02-13,30.5600
CFLT,2026-02-17,30.7000
CFLT,2026-02-18,30.6600
CFLT,2026-02-19,30.7200
CFLT,2026-02-20,30.7000
CFLT,2026-02-23,30.6900
CFLT,2026-02-24,30.6200
CFLT,2026-02-25,30.6400
CFLT,2026-02-26,30.6300
CFLT,2026-02-27,30.6700
CFLT,2026-03-02,30.7000
CFLT,2026-03-03,30.7500
CFLT,2026-03-04,30.7500
CFLT,2026-03-05,30.7900
CFLT,2026-03-06,30.7700
CFLT,2026-03-09,30.7500
CFLT,2026-03-10,30.7300
CFLT,2026-03-11,30.7100
CFLT,2026-03-12,30.6900
CFLT,2026-03-13,30.6700
CFLT,2026-03-16,30.9900
